Year;Lag1;Lag2;Lag3;Lag4;Lag5;Volume;Today;Direction
2001,00;0.381;-0.192;-2624,00;-1055,00;43105,00;11913,00;0.959;Up
2001,00;0.959;0.381;-0.192;-2624,00;-1055,00;12965,00;1032,00;Up
2001,00;1032,00;0.959;0.381;-0.192;-2624,00;14112,00;-0.623;Down
2001,00;-0.623;1032,00;0.959;0.381;-0.192;1276,00;0.614;Up
2001,00;0.614;-0.623;1032,00;0.959;0.381;12057,00;0.213;Up
2001,00;0.213;0.614;-0.623;1032,00;0.959;13491,00;1392,00;Up
2001,00;1392,00;0.213;0.614;-0.623;1032,00;1445,00;-0.403;Down
2001,00;-0.403;1392,00;0.213;0.614;-0.623;14078,00;0.027;Up
2001,00;0.027;-0.403;1392,00;0.213;0.614;1164,00;1303,00;Up
2001,00;1303,00;0.027;-0.403;1392,00;0.213;12326,00;0.287;Up
2001,00;0.287;1303,00;0.027;-0.403;1392,00;1309,00;-0.498;Down
2001,00;-0.498;0.287;1303,00;0.027;-0.403;1258,00;-0.189;Down
2001,00;-0.189;-0.498;0.287;1303,00;0.027;1098,00;0.68;Up
2001,00;0.68;-0.189;-0.498;0.287;1303,00;10531,00;0.701;Up
2001,00;0.701;0.68;-0.189;-0.498;0.287;11498,00;-0.562;Down
2001,00;-0.562;0.701;0.68;-0.189;-0.498;12953,00;0.546;Up
2001,00;0.546;-0.562;0.701;0.68;-0.189;11188,00;-1747,00;Down
2001,00;-1747,00;0.546;-0.562;0.701;0.68;10484,00;0.359;Up
2001,00;0.359;-1747,00;0.546;-0.562;0.701;1013,00;-0.151;Down
2001,00;-0.151;0.359;-1747,00;0.546;-0.562;10596,00;-0.841;Down
2001,00;-0.841;-0.151;0.359;-1747,00;0.546;11583,00;-0.623;Down
2001,00;-0.623;-0.841;-0.151;0.359;-1747,00;11072,00;-1334,00;Down
2001,00;-1334,00;-0.623;-0.841;-0.151;0.359;10755,00;1183,00;Up
2001,00;1183,00;-1334,00;-0.623;-0.841;-0.151;10391,00;-0.865;Down
2001,00;-0.865;1183,00;-1334,00;-0.623;-0.841;10752,00;-0.218;Down
2001,00;-0.218;-0.865;1183,00;-1334,00;-0.623;11503,00;0.812;Up
2001,00;0.812;-0.218;-0.865;1183,00;-1334,00;11537,00;-1891,00;Down
2001,00;-1891,00;0.812;-0.218;-0.865;1183,00;12572,00;-1736,00;Down
2001,00;-1736,00;-1891,00;0.812;-0.218;-0.865;11122,00;-1851,00;Down
2001,00;-1851,00;-1736,00;-1891,00;0.812;-0.218;12085,00;-0.195;Down
2001,00;-0.195;-1851,00;-1736,00;-1891,00;0.812;13659,00;-0.556;Down
2001,00;-0.556;-0.195;-1851,00;-1736,00;-1891,00;12313,00;1749,00;Up
2001,00;1749,00;-0.556;-0.195;-1851,00;-1736,00;11308,00;-0.766;Down
2001,00;-0.766;1749,00;-0.556;-0.195;-1851,00;11141,00;-1431,00;Down
2001,00;-1431,00;-0.766;1749,00;-0.556;-0.195;12253,00;0.104;Up
2001,00;0.104;-1431,00;-0.766;1749,00;-0.556;12949,00;-0.568;Down
2001,00;-0.568;0.104;-1431,00;-0.766;1749,00;1294,00;0.586;Up
2001,00;0.586;-0.568;0.104;-1431,00;-0.766;0.9292;0.998;Up
2001,00;0.998;0.586;-0.568;0.104;-1431,00;10918,00;0.645;Up
2001,00;0.645;0.998;0.586;-0.568;0.104;11322,00;0.226;Up
2001,00;0.226;0.645;0.998;0.586;-0.568;11141,00;-2476,00;Down
2001,00;-2476,00;0.226;0.645;0.998;0.586;10859,00;-4318,00;Down
2001,00;-4318,00;-2476,00;0.226;0.645;0.998;1229,00;1483,00;Up
2001,00;1483,00;-4318,00;-2476,00;0.226;0.645;13609,00;-2584,00;Down
2001,00;-2584,00;1483,00;-4318,00;-2476,00;0.226;13974,00;0.587;Up
2001,00;0.587;-2584,00;1483,00;-4318,00;-2476,00;12595,00;-1962,00;Down
2001,00;-1962,00;0.587;-2584,00;1483,00;-4318,00;154356,00;1763,00;Up
2001,00;1763,00;-1962,00;0.587;-2584,00;1483,00;11262,00;-2408,00;Down
2001,00;-2408,00;1763,00;-1962,00;0.587;-2584,00;12359,00;-1792,00;Down
2001,00;-1792,00;-2408,00;1763,00;-1962,00;0.587;13463,00;-0.406;Down
2001,00;-0.406;-1792,00;-2408,00;1763,00;-1962,00;172395,00;1991,00;Up
2001,00;1991,00;-0.406;-1792,00;-2408,00;1763,00;13649,00;1128,00;Up
2001,00;1128,00;1991,00;-0.406;-1792,00;-2408,00;1114,00;2557,00;Up
2001,00;2557,00;1128,00;1991,00;-0.406;-1792,00;13142,00;-2443,00;Down
2001,00;-2443,00;2557,00;1128,00;1991,00;-0.406;13334,00;-0.463;Down
2001,00;-0.463;-2443,00;2557,00;1128,00;1991,00;12345,00;1078,00;Up
2001,00;1078,00;-0.463;-2443,00;2557,00;1128,00;12808,00;-1246,00;Down
2001,00;-1246,00;1078,00;-0.463;-2443,00;2557,00;12549,00;-3439,00;Down
2001,00;-3439,00;-1246,00;1078,00;-0.463;-2443,00;13861,00;-0.29;Down
2001,00;-0.29;-3439,00;-1246,00;1078,00;-0.463;142559,00;4368,00;Up
2001,00;4368,00;-0.29;-3439,00;-1246,00;1078,00;1368,00;-1998,00;Down
2001,00;-1998,00;4368,00;-0.29;-3439,00;-1246,00;12668,00;0.812;Up
2001,00;0.812;-1998,00;4368,00;-0.29;-3439,00;10628,00;2707,00;Up
2001,00;2707,00;0.812;-1998,00;4368,00;-0.29;13496,00;-0.213;Down
2001,00;-0.213;2707,00;0.812;-1998,00;4368,00;12903,00;18629,00;Up
2001,00;18629,00;-0.213;2707,00;0.812;-1998,00;1102,00;-0.323;Down
2001,00;-0.323;18629,00;-0.213;2707,00;0.812;0.9139;1028,00;Up
2001,00;1028,00;-0.323;18629,00;-0.213;2707,00;11096,00;3889,00;Up
2001,00;3889,00;1028,00;-0.323;18629,00;-0.213;19189,00;1254,00;Up
2001,00;1254,00;3889,00;1028,00;-0.323;18629,00;14868,00;-0.854;Down
2001,00;-0.854;1254,00;3889,00;1028,00;-0.323;13387,00;-1498,00;Down
2001,00;-1498,00;-0.854;1254,00;3889,00;1028,00;10126,00;-1216,00;Down
2001,00;-1216,00;-1498,00;-0.854;1254,00;3889,00;12165,00;1594,00;Up
2001,00;1594,00;-1216,00;-1498,00;-0.854;1254,00;12036,00;0.47;Up
2001,00;0.47;1594,00;-1216,00;-1498,00;-0.854;13452,00;1501,00;Up
2001,00;1501,00;0.47;1594,00;-1216,00;-1498,00;10913,00;-0.287;Down
2001,00;-0.287;1501,00;0.47;1594,00;-1216,00;12668,00;1359,00;Up
2001,00;1359,00;-0.287;1501,00;0.47;1594,00;11813,00;0.078;Up
2001,00;0.078;1359,00;-0.287;1501,00;0.47;13422,00;-1487,00;Down
2001,00;-1487,00;0.078;1359,00;-0.287;1501,00;11379,00;1444,00;Up
2001,00;1444,00;-1487,00;0.078;1359,00;-0.287;10821,00;-0.245;Down
2001,00;-0.245;1444,00;-1487,00;0.078;1359,00;0.949;-0.183;Down
2001,00;-0.183;-0.245;1444,00;-1487,00;0.078;10063,00;-0.449;Down
2001,00;-0.449;-0.183;-0.245;1444,00;-1487,00;11324,00;-0.029;Down
2001,00;-0.029;-0.449;-0.183;-0.245;1444,00;10567,00;-0.758;Down
2001,00;-0.758;-0.029;-0.449;-0.183;-0.245;0.9062;0.261;Up
2001,00;0.261;-0.758;-0.029;-0.449;-0.183;0.8582;0.042;Up
2001,00;0.042;0.261;-0.758;-0.029;-0.449;10718,00;2845,00;Up
2001,00;2845,00;0.042;0.261;-0.758;-0.029;14053,00;0.272;Up
2001,00;0.272;2845,00;0.042;0.261;-0.758;13556,00;0.269;Up
2001,00;0.269;0.272;2845,00;0.042;0.261;11308,00;1615,00;Up
2001,00;1615,00;0.269;0.272;2845,00;0.042;11749,00;-0.263;Down
2001,00;-0.263;1615,00;0.269;0.272;2845,00;12604,00;-1553,00;Down
2001,00;-1553,00;-0.263;1615,00;0.269;0.272;11348,00;0.32;Up
2001,00;0.32;-1553,00;-0.263;1615,00;0.269;11007,00;-1182,00;Down
2001,00;-1182,00;0.32;-1553,00;-0.263;1615,00;0.8281;-0.779;Down
2001,00;-0.779;-1182,00;0.32;-1553,00;-0.263;1026,00;-1566,00;Down
2001,00;-1566,00;-0.779;-1182,00;0.32;-1553,00;11586,00;0.62;Up
2001,00;0.62;-1566,00;-0.779;-1182,00;0.32;12266,00;0.386;Up
2001,00;0.386;0.62;-1566,00;-0.779;-1182,00;1015,00;0.511;Up
2001,00;0.511;0.386;0.62;-1566,00;-0.779;0.8365;1299,00;Up
2001,00;1299,00;0.511;0.386;0.62;-1566,00;11168,00;-1055,00;Down
2001,00;-1055,00;1299,00;0.511;0.386;0.62;10619,00;0.546;Up
2001,00;0.546;-1055,00;1299,00;0.511;0.386;10896,00;-0.94;Down
2001,00;-0.94;0.546;-1055,00;1299,00;0.511;0.7262;-0.836;Down
2001,00;-0.836;-0.94;0.546;-1055,00;1299,00;0.8701;0.116;Up
2001,00;0.116;-0.836;-0.94;0.546;-1055,00;11365,00;-1135,00;Down
2001,00;-1135,00;0.116;-0.836;-0.94;0.546;10636,00;-1.75;Down
2001,00;-1.75;-1135,00;0.116;-0.836;-0.94;12429,00;-0.452;Down
2001,00;-0.452;-1.75;-1135,00;0.116;-0.836;163555,00;-0.488;Down
2001,00;-0.488;-0.452;-1.75;-1135,00;0.116;11116,00;0.343;Up
2001,00;0.343;-0.488;-0.452;-1.75;-1135,00;11849,00;0.871;Up
2001,00;0.871;0.343;-0.488;-0.452;-1.75;13501,00;1136,00;Up
2001,00;1136,00;0.871;0.343;-0.488;-0.452;154682,00;-0.945;Down
2001,00;-0.945;1136,00;0.871;0.343;-0.488;11892,00;-0.551;Down
2001,00;-0.551;-0.945;1136,00;0.871;0.343;10501,00;-0.151;Down
2001,00;-0.151;-0.551;-0.945;1136,00;0.871;11989,00;-0.468;Down
2001,00;-0.468;-0.151;-0.551;-0.945;1136,00;11621,00;1249,00;Up
2001,00;1249,00;-0.468;-0.151;-0.551;-0.945;13273,00;-0.148;Down
2001,00;-0.148;1249,00;-0.468;-0.151;-0.551;183236,00;1008,00;Up
2001,00;1008,00;-0.148;1249,00;-0.468;-0.151;11283,00;-0.184;Down
2001,00;-0.184;1008,00;-0.148;1249,00;-0.468;0.62211;-1232,00;Down
2001,00;-1232,00;-0.184;1008,00;-0.148;1249,00;0.9349;-2.35;Down
2001,00;-2.35;-1232,00;-0.184;1008,00;-0.148;10567,00;0.688;Up
2001,00;0.688;-2.35;-1232,00;-0.184;1008,00;10457,00;-1.44;Down
2001,00;-1.44;0.688;-2.35;-1232,00;-0.184;12638,00;-0.113;Down
2001,00;-0.113;-1.44;0.688;-2.35;-1232,00;13841,00;2369,00;Up
2001,00;2369,00;-0.113;-1.44;0.688;-2.35;1394,00;0.624;Up
2001,00;0.624;2369,00;-0.113;-1.44;0.688;11217,00;-1088,00;Down
2001,00;-1088,00;0.624;2369,00;-0.113;-1.44;10398,00;0.997;Up
2001,00;0.997;-1088,00;0.624;2369,00;-0.113;12381,00;-0.554;Down
2001,00;-0.554;0.997;-1088,00;0.624;2369,00;13163,00;0.605;Up
2001,00;0.605;-0.554;0.997;-1088,00;0.624;13435,00;-0.343;Down
2001,00;-0.343;0.605;-0.554;0.997;-1088,00;11709,00;-1637,00;Down
2001,00;-1637,00;-0.343;0.605;-0.554;0.997;0.9869;-1627,00;Down
2001,00;-1627,00;-1637,00;-0.343;0.605;-0.554;11987,00;1608,00;Up
2001,00;1608,00;-1627,00;-1637,00;-0.343;0.605;12807,00;1045,00;Up
2001,00;1045,00;1608,00;-1627,00;-1637,00;-0.343;12139,00;0.24;Up
2001,00;0.24;1045,00;1608,00;-1627,00;-1637,00;10153,00;-0.108;Down
2001,00;-0.108;0.24;1045,00;1608,00;-1627,00;0.9091;0.557;Up
2001,00;0.557;-0.108;0.24;1045,00;1608,00;11292,00;0.388;Up
2001,00;0.388;0.557;-0.108;0.24;1045,00;13403,00;0.396;Up
2001,00;0.396;0.388;0.557;-0.108;0.24;12183,00;-0.524;Down
2001,00;-0.524;0.396;0.388;0.557;-0.108;0.9399;-1142,00;Down
2001,00;-1142,00;-0.524;0.396;0.388;0.557;0.8117;0.327;Up
2001,00;0.327;-1142,00;-0.524;0.396;0.388;1012,00;-1733,00;Down
2001,00;-1733,00;0.327;-1142,00;-0.524;0.396;11246,00;-0.008;Down
2001,00;-0.008;-1733,00;0.327;-1142,00;-0.524;11042,00;0.569;Up
2001,00;0.569;-0.008;-1733,00;0.327;-1142,00;0.9609;0.095;Up
2001,00;0.095;0.569;-0.008;-1733,00;0.327;0.8376;-0.383;Down
2001,00;-0.383;0.095;0.569;-0.008;-1733,00;0.9646;-0.734;Down
2001,00;-0.734;-0.383;0.095;0.569;-0.008;10656,00;0.309;Up
2001,00;0.309;-0.734;-0.383;0.095;0.569;10554,00;-1666,00;Down
2001,00;-1666,00;0.309;-0.734;-0.383;0.095;0.9743;0.812;Up
2001,00;0.812;-1666,00;0.309;-0.734;-0.383;0.8971;-1208,00;Down
2001,00;-1208,00;0.812;-1666,00;0.309;-0.734;10416,00;0.696;Up
2001,00;0.696;-1208,00;0.812;-1666,00;0.309;11108,00;-0.276;Down
2001,00;-0.276;0.696;-1208,00;0.812;-1666,00;0.9862;1965,00;Up
2001,00;1965,00;-0.276;0.696;-1208,00;0.812;10436,00;-0.483;Down
2001,00;-0.483;1965,00;-0.276;0.696;-1208,00;0.8426;-1501,00;Down
2001,00;-1501,00;-0.483;1965,00;-0.276;0.696;0.9871;-1115,00;Down
2001,00;-1115,00;-1501,00;-0.483;1965,00;-0.276;0.9637;-1.7;Down
2001,00;-1.7;-1115,00;-1501,00;-0.483;1965,00;1157,00;0.403;Up
2001,00;0.403;-1.7;-1115,00;-1501,00;-0.483;0.9201;-0.056;Down
2001,00;-0.056;0.403;-1.7;-1115,00;-1501,00;11783,00;-0.106;Down
2001,00;-0.106;-0.056;0.403;-1.7;-1115,00;13845,00;-2239,00;Down
2001,00;-2239,00;-0.106;-0.056;0.403;-1.7;13597,00;-1864,00;Down
2001,00;-1864,00;-2239,00;-0.106;-0.056;0.403;14243,00;0.623;Up
2001,00;0.623;-1864,00;-2239,00;-0.106;-0.056;12766,00;-4922,00;Down
2001,00;-4922,00;0.623;-1864,00;-2239,00;-0.106;233083,00;-0.58;Down
2001,00;-0.58;-4922,00;0.623;-1864,00;-2239,00;165041,00;-1611,00;Down
2001,00;-1611,00;-0.58;-4922,00;0.623;-1864,00;212055,00;-3106,00;Down
2001,00;-3106,00;-1611,00;-0.58;-4922,00;0.623;20048,00;-1903,00;Down
2001,00;-1903,00;-3106,00;-1611,00;-0.58;-4922,00;23173,00;3898,00;Up
2001,00;3898,00;-1903,00;-3106,00;-1611,00;-0.58;17466,00;0.879;Up
2001,00;0.879;3898,00;-1903,00;-3106,00;-1611,00;16138,00;-0.517;Down
2001,00;-0.517;0.879;3898,00;-1903,00;-3106,00;15191,00;1149,00;Up
2001,00;1149,00;-0.517;0.879;3898,00;-1903,00;1467,00;2192,00;Up
2001,00;2192,00;1149,00;-0.517;0.879;3898,00;16315,00;-0.23;Down
2001,00;-0.23;2192,00;1149,00;-0.517;0.879;11756,00;1231,00;Up
2001,00;1231,00;-0.23;2192,00;1149,00;-0.517;12898,00;1993,00;Up
2001,00;1993,00;1231,00;-0.23;2192,00;1149,00;16506,00;-0.247;Down
2001,00;-0.247;1993,00;1231,00;-0.23;2192,00;16091,00;0.164;Up
2001,00;0.164;-0.247;1993,00;1231,00;-0.23;13017,00;-0.834;Down
2001,00;-0.834;0.164;-0.247;1993,00;1231,00;0.979;-0.536;Down
2001,00;-0.536;-0.834;0.164;-0.247;1993,00;12278,00;2294,00;Up
2001,00;2294,00;-0.536;-0.834;0.164;-0.247;13124,00;1521,00;Up
2001,00;1521,00;2294,00;-0.536;-0.834;0.164;170458,00;-0.527;Down
2001,00;-0.527;1521,00;2294,00;-0.536;-0.834;13314,00;-0.153;Down
2001,00;-0.153;-0.527;1521,00;2294,00;-0.536;10247,00;0.694;Up
2001,00;0.694;-0.153;-0.527;1521,00;2294,00;12105,00;-1863,00;Down
2001,00;-1863,00;0.694;-0.153;-0.527;1521,00;14522,00;-0.787;Down
2001,00;-0.787;-1863,00;0.694;-0.153;-0.527;12629,00;0.456;Up
2001,00;0.456;-0.787;-1863,00;0.694;-0.153;12949,00;19360,00;Up
2001,00;19360,00;0.456;-0.787;-1863,00;0.694;11057,00;-0.47;Down
2001,00;-0.47;19360,00;0.456;-0.787;-1863,00;13173,00;0.039;Up
2001,00;0.039;-0.47;19360,00;0.456;-0.787;13362,00;1372,00;Up
2001,00;1372,00;0.039;-0.47;19360,00;0.456;13644,00;0.411;Up
2001,00;0.411;1372,00;0.039;-0.47;19360,00;12445,00;-2382,00;Down
2001,00;-2382,00;0.411;1372,00;0.039;-0.47;11061,00;-1717,00;Down
2001,00;-1717,00;-2382,00;0.411;1372,00;0.039;12974,00;-0.001;Down
2001,00;-0.001;-1717,00;-2382,00;0.411;1372,00;13525,00;2295,00;Up
2001,00;2295,00;-0.001;-1717,00;-2382,00;0.411;13174,00;0.286;Up
2001,00;0.286;2295,00;-0.001;-1717,00;-2382,00;11219,00;1439,00;Up
2001,00;1439,00;0.286;2295,00;-0.001;-1717,00;12677,00;1453,00;Up
2001,00;1453,00;1439,00;0.286;2295,00;-0.001;1356,00;-0.273;Down
2001,00;-0.273;1453,00;1439,00;0.286;2295,00;14113,00;0.246;Up
2001,00;0.246;-0.273;1453,00;1439,00;0.286;15175,00;0.158;Up
2001,00;0.158;0.246;-0.273;1453,00;1439,00;10938,00;-0.177;Down
2001,00;-0.177;0.158;0.246;-0.273;1453,00;0.9916;1856,00;Up
2001,00;1856,00;-0.177;0.158;0.246;-0.273;13701,00;0.186;Up
2001,00;0.186;1856,00;-0.177;0.158;0.246;14434,00;0.09;Up
2001,00;0.09;0.186;1856,00;-0.177;0.158;14545,00;-0.314;Down
2001,00;-0.314;0.09;0.186;1856,00;-0.177;13374,00;43344,00;Up
2001,00;43344,00;-0.314;0.09;0.186;1856,00;13168,00;-0.73;Down
2001,00;-0.73;43344,00;-0.314;0.09;0.186;13302,00;-0.493;Down
2001,00;-0.493;-0.73;43344,00;-0.314;0.09;10293,00;1171,00;Up
2001,00;1171,00;-0.493;-0.73;43344,00;-0.314;0.4103;0.615;Up
2001,00;0.615;1171,00;-0.493;-0.73;43344,00;11298,00;-0.684;Down
2001,00;-0.684;0.615;1171,00;-0.493;-0.73;1288,00;-1825,00;Down
2001,00;-1825,00;-0.684;0.615;1171,00;-0.493;14237,00;1035,00;Up
2001,00;1035,00;-1825,00;-0.684;0.615;1171,00;13757,00;-0.066;Down
2001,00;-0.066;1035,00;-1825,00;-0.684;0.615;13436,00;-0.838;Down
2001,00;-0.838;-0.066;1035,00;-1825,00;-0.684;12029,00;1319,00;Up
2001,00;1319,00;-0.838;-0.066;1035,00;-1825,00;13185,00;2232,00;Up
2001,00;2232,00;1319,00;-0.838;-0.066;1035,00;17653,00;-0.278;Down
2001,00;-0.278;2232,00;1319,00;-0.838;-0.066;14879,00;-0.753;Down
2001,00;-0.753;-0.278;2232,00;1319,00;-0.838;12482,00;-1587,00;Down
2001,00;-1587,00;-0.753;-0.278;2232,00;1319,00;12187,00;-0.278;Down
2001,00;-0.278;-1587,00;-0.753;-0.278;2232,00;13672,00;0.027;Up
2001,00;0.027;-0.278;-1587,00;-0.753;-0.278;14497,00;-1556,00;Down
2001,00;-1556,00;0.027;-0.278;-1587,00;-0.753;15115,00;0.331;Up
2001,00;0.331;-1556,00;0.027;-0.278;-1587,00;13068,00;1003,00;Up
2001,00;1003,00;0.331;-1556,00;0.027;-0.278;12604,00;0.755;Up
2001,00;0.755;1003,00;0.331;-1556,00;0.027;1354,00;0.581;Up
2001,00;0.581;0.755;1003,00;0.331;-1556,00;14849,00;-0.838;Down
2001,00;-0.838;0.581;0.755;1003,00;0.331;14905,00;0.435;Up
2001,00;0.435;-0.838;0.581;0.755;1003,00;1694,00;-0.021;Down
2001,00;-0.021;0.435;-0.838;0.581;0.755;0.43967;0.412;Up
2001,00;0.412;-0.021;0.435;-0.838;0.581;0.7911;0.675;Up
2001,00;0.675;0.412;-0.021;0.435;-0.838;0.8763;0.336;Up
2001,00;0.336;0.675;0.412;-0.021;0.435;0.9174;-1115,00;Down
2002,00;-1115,00;0.336;0.675;0.412;-0.021;0.9436;0.574;Up
2002,00;0.574;-1115,00;0.336;0.675;0.412;1171,00;0.918;Up
2002,00;0.918;0.574;-1115,00;0.336;0.675;13989,00;0.621;Up
2002,00;0.621;0.918;0.574;-1115,00;0.336;1513,00;-0.65;Down
2002,00;-0.65;0.621;0.918;0.574;-1115,00;13083,00;-0.359;Down
2002,00;-0.359;-0.65;0.621;0.918;0.574;12588,00;-0.48;Down
2002,00;-0.48;-0.359;-0.65;0.621;0.918;1452,00;0.122;Up
2002,00;0.122;-0.48;-0.359;-0.65;0.621;1299,00;-0.947;Down
2002,00;-0.947;0.122;-0.48;-0.359;-0.65;12119,00;-0.628;Down
2002,00;-0.628;-0.947;0.122;-0.48;-0.359;12864,00;0.683;Up
2002,00;0.683;-0.628;-0.947;0.122;-0.48;13869,00;-1625,00;Down
2002,00;-1625,00;0.683;-0.628;-0.947;0.122;14825,00;1003,00;Up
2002,00;1003,00;-1625,00;0.683;-0.628;-0.947;13801,00;-0.992;Down
2002,00;-0.992;1003,00;-1625,00;0.683;-0.628;13333,00;-0.733;Down
2002,00;-0.733;-0.992;1003,00;-1625,00;0.683;13116,00;0.792;Up
2002,00;0.792;-0.733;-0.992;1003,00;-1625,00;14792,00;0.352;Up
2002,00;0.352;0.792;-0.733;-0.992;1003,00;15528,00;0.1;Up
2002,00;0.1;0.352;0.792;-0.733;-0.992;13451,00;-0.019;Down
2002,00;-0.019;0.1;0.352;0.792;-0.733;11868,00;-2861,00;Down
2002,00;-2861,00;-0.019;0.1;0.352;0.792;1812,00;1175,00;Up
2002,00;1175,00;-2861,00;-0.019;0.1;0.352;20196,00;1493,00;Up
2002,00;1493,00;1175,00;-2861,00;-0.019;0.1;1557,00;-0.708;Down
2002,00;-0.708;1493,00;1175,00;-2861,00;-0.019;13672,00;-2474,00;Down
2002,00;-2474,00;-0.708;1493,00;1175,00;-2861,00;14376,00;-0.404;Down
2002,00;-0.404;-2474,00;-0.708;1493,00;1175,00;17783,00;-0.597;Down
2002,00;-0.597;-0.404;-2474,00;-0.708;1493,00;16658,00;-0.308;Down
2002,00;-0.308;-0.597;-0.404;-2474,00;-0.708;14416,00;1486,00;Up
2002,00;1486,00;-0.308;-0.597;-0.404;-2474,00;13719,00;1434,00;Up
2002,00;1434,00;1486,00;-0.308;-0.597;-0.404;11594,00;-0.399;Down
2002,00;-0.399;1434,00;1486,00;-0.308;-0.597;10942,00;0.994;Up
2002,00;0.994;-0.399;1434,00;1486,00;-0.308;12159,00;-0.181;Down
2002,00;-0.181;0.994;-0.399;1434,00;1486,00;12725,00;-1102,00;Down
2002,00;-1102,00;-0.181;0.994;-0.399;1434,00;13592,00;-1887,00;Down
2002,00;-1887,00;-1102,00;-0.181;0.994;-0.399;11899,00;1351,00;Up
2002,00;1351,00;-1887,00;-1102,00;-0.181;0.994;14389,00;-1551,00;Down
2002,00;-1551,00;1351,00;-1887,00;-1102,00;-0.181;13816,00;0.822;Up
2002,00;0.822;-1551,00;1351,00;-1887,00;-1102,00;1411,00;1798,00;Up
2002,00;1798,00;0.822;-1551,00;1351,00;-1887,00;13674,00;-0.005;Down
2002,00;-0.005;1798,00;0.822;-1551,00;1351,00;13092,00;0.046;Up
2002,00;0.046;-0.005;1798,00;0.822;-1551,00;13938,00;-0.285;Down
2002,00;-0.285;0.046;-0.005;1798,00;0.822;13922,00;2263,00;Up
2002,00;2263,00;-0.285;0.046;-0.005;1798,00;14565,00;1949,00;Up
2002,00;1949,00;2263,00;-0.285;0.046;-0.005;15943,00;-0.667;Down
2002,00;-0.667;1949,00;2263,00;-0.285;0.046;15493,00;1451,00;Up
2002,00;1451,00;-0.667;1949,00;2263,00;-0.285;15413,00;-0.45;Down
2002,00;-0.45;1451,00;-0.667;1949,00;2263,00;15174,00;0.585;Up
2002,00;0.585;-0.45;1451,00;-0.667;1949,00;1412,00;0.339;Up
2002,00;0.339;0.585;-0.45;1451,00;-0.667;12102,00;-0.229;Down
2002,00;-0.229;0.339;0.585;-0.45;1451,00;13044,00;-0.986;Down
2002,00;-0.986;-0.229;0.339;0.585;-0.45;1354,00;-0.091;Down
2002,00;-0.091;-0.986;-0.229;0.339;0.585;12088,00;1138,00;Up
2002,00;1138,00;-0.091;-0.986;-0.229;0.339;14939,00;-0.052;Down
2002,00;-0.052;1138,00;-0.091;-0.986;-0.229;11695,00;0.407;Up
2002,00;0.407;-0.052;1138,00;-0.091;-0.986;1255,00;-1576,00;Down
2002,00;-1576,00;0.407;-0.052;1138,00;-0.091;13049,00;0.151;Up
2002,00;0.151;-1576,00;0.407;-0.052;1138,00;13392,00;-0.424;Down
2002,00;-0.424;0.151;-1576,00;0.407;-0.052;12433,00;-1465,00;Down
2002,00;-1465,00;-0.424;0.151;-1576,00;0.407;10579,00;0.585;Up
2002,00;0.585;-1465,00;-0.424;0.151;-1576,00;12236,00;0.535;Up
2002,00;0.535;0.585;-1465,00;-0.424;0.151;11801,00;0.246;Up
2002,00;0.246;0.535;0.585;-1465,00;-0.424;11476,00;-0.074;Down
2002,00;-0.074;0.246;0.535;0.585;-1465,00;10509,00;-0.853;Down
2002,00;-0.853;-0.074;0.246;0.535;0.585;11767,00;-0.999;Down
2002,00;-0.999;-0.853;-0.074;0.246;0.535;12197,00;0.084;Up
2002,00;0.084;-0.999;-0.853;-0.074;0.246;12838,00;-0.321;Down
2002,00;-0.321;0.084;-0.999;-0.853;-0.074;11102,00;0.228;Up
2002,00;0.228;-0.321;0.084;-0.999;-0.853;10953,00;-0.666;Down
2002,00;-0.666;0.228;-0.321;0.084;-0.999;12354,00;1133,00;Up
2002,00;1133,00;-0.666;0.228;-0.321;0.084;14479,00;-2369,00;Down
2002,00;-2369,00;1133,00;-0.666;0.228;-0.321;15056,00;0.663;Up
2002,00;0.663;-2369,00;1133,00;-0.666;0.228;12821,00;-0.761;Down
2002,00;-0.761;0.663;-2369,00;1133,00;-0.666;11204,00;2342,00;Up
2002,00;2342,00;-0.761;0.663;-2369,00;1133,00;13413,00;-0.204;Down
2002,00;-0.204;2342,00;-0.761;0.663;-2369,00;13769,00;-0.142;Down
2002,00;-0.142;-0.204;2342,00;-0.761;0.663;13593,00;0.062;Up
2002,00;0.062;-0.142;-0.204;2342,00;-0.761;1185,00;-1541,00;Down
2002,00;-1541,00;0.062;-0.142;-0.204;2342,00;11818,00;-0.62;Down
2002,00;-0.62;-1541,00;0.062;-0.142;-0.204;13885,00;-0.71;Down
2002,00;-0.71;-0.62;-1541,00;0.062;-0.142;13732,00;-0.152;Down
2002,00;-0.152;-0.71;-0.62;-1541,00;0.062;15174,00;-1389,00;Down
2002,00;-1389,00;-0.152;-0.71;-0.62;-1541,00;13742,00;-1.01;Down
2002,00;-1.01;-1389,00;-0.152;-0.71;-0.62;13147,00;1077,00;Up
2002,00;1077,00;-1.01;-1389,00;-0.152;-0.71;16286,00;0.886;Up
2002,00;0.886;1077,00;-1.01;-1389,00;-0.152;14514,00;-0.175;Down
2002,00;-0.175;0.886;1077,00;-1.01;-1389,00;1364,00;-1026,00;Down
2002,00;-1026,00;-0.175;0.886;1077,00;-1.01;12845,00;-1934,00;Down
2002,00;-1934,00;-1026,00;-0.175;0.886;1077,00;11226,00;-0.302;Down
2002,00;-0.302;-1934,00;-1026,00;-0.175;0.886;13547,00;Mrz 75;Up
2002,00;Mrz 75;-0.302;-1934,00;-1026,00;-0.175;1502,00;-1455,00;Down
2002,00;-1455,00;Mrz 75;-0.302;-1934,00;-1026,00;1153,00;-1679,00;Down
2002,00;-1679,00;-1455,00;Mrz 75;-0.302;-1934,00;11719,00;1855,00;Up
2002,00;1855,00;-1679,00;-1455,00;Mrz 75;-0.302;10886,00;2114,00;Up
2002,00;2114,00;1855,00;-1679,00;-1455,00;Mrz 75;14145,00;-0.566;Down
2002,00;-0.566;2114,00;1855,00;-1679,00;-1455,00;14202,00;0.656;Up
2002,00;0.656;-0.566;2114,00;1855,00;-1679,00;12566,00;0.761;Up
2002,00;0.761;0.656;-0.566;2114,00;1855,00;12744,00;-1329,00;Down
2002,00;-1329,00;0.761;0.656;-0.566;2114,00;0.9898;-1099,00;Down
2002,00;-1099,00;-1329,00;0.761;0.656;-0.566;12005,00;0.569;Up
2002,00;0.569;-1099,00;-1329,00;0.761;0.656;11363,00;1018,00;Up
2002,00;1018,00;0.569;-1099,00;-1329,00;0.761;11929,00;-1209,00;Down
2002,00;-1209,00;1018,00;0.569;-1099,00;-1329,00;0.8854;-0.855;Down
2002,00;-0.855;-1209,00;1018,00;0.569;-1099,00;0.9965;-0.641;Down
2002,00;-0.641;-0.855;-1209,00;1018,00;0.569;10818,00;-0.281;Down
2002,00;-0.281;-0.641;-0.855;-1209,00;1018,00;12866,00;0.233;Up
2002,00;0.233;-0.281;-0.641;-0.855;-1209,00;12773,00;-2.48;Down
2002,00;-2.48;0.233;-0.281;-0.641;-0.855;13243,00;0.001;Up
2002,00;0.001;-2.48;0.233;-0.281;-0.641;14666,00;0.885;Up
2002,00;0.885;0.001;-2.48;0.233;-0.281;13001,00;-1976,00;Down
2002,00;-1976,00;0.885;0.001;-2.48;0.233;16015,00;-0.157;Down
2002,00;-0.157;-1976,00;0.885;0.001;-2.48;13413,00;0.312;Up
2002,00;0.312;-0.157;-1976,00;0.885;0.001;12262,00;-1663,00;Down
2002,00;-1663,00;0.312;-0.157;-1976,00;0.885;12124,00;0.657;Up
2002,00;0.657;-1663,00;0.312;-0.157;-1976,00;179572,00;-1049,00;Down
2002,00;-1049,00;0.657;-1663,00;0.312;-0.157;14055,00;-0.227;Down
2002,00;-0.227;-1049,00;0.657;-1663,00;0.312;1549,00;2869,00;Up
2002,00;2869,00;-0.227;-1049,00;0.657;-1663,00;12366,00;0.094;Up
2002,00;0.094;2869,00;-0.227;-1049,00;0.657;11931,00;-1654,00;Down
2002,00;-1654,00;0.094;2869,00;-0.227;-1049,00;13361,00;-1343,00;Down
2002,00;-1343,00;-1654,00;0.094;2869,00;-0.227;13897,00;-1704,00;Down
2002,00;-1704,00;-1343,00;-1654,00;0.094;2869,00;14972,00;0.362;Up
2002,00;0.362;-1704,00;-1343,00;-1654,00;0.094;15526,00;-1.67;Down
2002,00;-1.67;0.362;-1704,00;-1343,00;-1654,00;15137,00;-0.267;Down
2002,00;-0.267;-1.67;0.362;-1704,00;-1343,00;201429,00;1758,00;Up
2002,00;1758,00;-0.267;-1.67;0.362;-1704,00;19086,00;-0.083;Down
2002,00;-0.083;1758,00;-0.267;-1.67;0.362;2117,00;-2139,00;Down
2002,00;-2139,00;-0.083;1758,00;-0.267;-1.67;14255,00;-2123,00;Down
2002,00;-2123,00;-2139,00;-0.083;1758,00;-0.267;1823,00;0.622;Up
2002,00;0.622;-2123,00;-2139,00;-0.083;1758,00;15278,00;3673,00;Up
2002,00;3673,00;0.622;-2123,00;-2139,00;-0.083;0.6994;-1218,00;Down
2002,00;-1218,00;3673,00;0.622;-2123,00;-2139,00;11844,00;-2472,00;Down
2002,00;-2472,00;-1218,00;3673,00;0.622;-2123,00;13489,00;-3396,00;Down
2002,00;-3396,00;-2472,00;-1218,00;3673,00;0.622;18169,00;0.75;Up
2002,00;0.75;-3396,00;-2472,00;-1218,00;3673,00;208048,00;-0.645;Down
2002,00;-0.645;0.75;-3396,00;-2472,00;-1218,00;16074,00;-0.376;Down
2002,00;-0.376;-0.645;0.75;-3396,00;-2472,00;25748,00;-1851,00;Down
2002,00;-1851,00;-0.376;-0.645;0.75;-3396,00;18437,00;0.566;Up
2002,00;0.566;-1851,00;-0.376;-0.645;0.75;25665,00;-2702,00;Down
2002,00;-2702,00;0.566;-1851,00;-0.376;-0.645;17363,00;-3835,00;Down
2002,00;-3835,00;-2702,00;0.566;-1851,00;-0.376;26541,00;-3291,00;Down
2002,00;-3291,00;-3835,00;-2702,00;0.566;-1851,00;224806,00;-2702,00;Down
2002,00;-2702,00;-3291,00;-3835,00;-2702,00;0.566;244102,00;5733,00;Up
2002,00;5733,00;-2702,00;-3291,00;-3835,00;-2702,00;277556,00;-0.563;Down
2002,00;-0.563;5733,00;-2702,00;-3291,00;-3835,00;24247,00;1688,00;Up
2002,00;1688,00;-0.563;5733,00;-2702,00;-3291,00;17961,00;5408,00;Up
2002,00;5408,00;1688,00;-0.563;5733,00;-2702,00;177865,00;0.425;Up
2002,00;0.425;5408,00;1688,00;-0.563;5733,00;182609,00;0.979;Up
2002,00;0.979;0.425;5408,00;1688,00;-0.563;204936,00;-2957,00;Down
2002,00;-2957,00;0.979;0.425;5408,00;1688,00;16722,00;-2308,00;Down
2002,00;-2308,00;-2957,00;0.979;0.425;5408,00;15381,00;-3.43;Down
2002,00;-3.43;-2308,00;-2957,00;0.979;0.425;14255,00;2992,00;Up
2002,00;2992,00;-3.43;-2308,00;-2957,00;0.979;15141,00;2001,00;Up
2002,00;2001,00;2992,00;-3.43;-2308,00;-2957,00;14904,00;3272,00;Up
2002,00;3272,00;2001,00;2992,00;-3.43;-2308,00;16467,00;0.351;Up
2002,00;0.351;3272,00;2001,00;2992,00;-3.43;12949,00;-0.533;Down
2002,00;-0.533;0.351;3272,00;2001,00;2992,00;10365,00;-2168,00;Down
2002,00;-2168,00;-0.533;0.351;3272,00;2001,00;12977,00;4005,00;Up
2002,00;4005,00;-2168,00;-0.533;0.351;3272,00;15338,00;1156,00;Up
2002,00;1156,00;4005,00;-2168,00;-0.533;0.351;15051,00;-0.159;Down
2002,00;-0.159;1156,00;4005,00;-2168,00;-0.533;12653,00;2361,00;Up
2002,00;2361,00;-0.159;1156,00;4005,00;-2168,00;12998,00;-1396,00;Down
2002,00;-1396,00;2361,00;-0.159;1156,00;4005,00;13085,00;1273,00;Up
2002,00;1273,00;-1396,00;2361,00;-0.159;1156,00;13531,00;1405,00;Up
2002,00;1405,00;1273,00;-1396,00;2361,00;-0.159;1373,00;-2269,00;Down
2002,00;-2269,00;1405,00;1273,00;-1396,00;2361,00;10715,00;0.754;Up
2002,00;0.754;-2269,00;1405,00;1273,00;-1396,00;10169,00;-1385,00;Down
2002,00;-1385,00;0.754;-2269,00;1405,00;1273,00;13077,00;-1813,00;Down
2002,00;-1813,00;-1385,00;0.754;-2269,00;1405,00;11466,00;-0.008;Down
2002,00;-0.008;-1813,00;-1385,00;0.754;-2269,00;12711,00;-0.188;Down
2002,00;-0.188;-0.008;-1813,00;-1385,00;0.754;0.9299;-4154,00;Down
2002,00;-4154,00;-0.188;-0.008;-1813,00;-1385,00;12898,00;1752,00;Up
2002,00;1752,00;-4154,00;-0.188;-0.008;-1813,00;13721,00;-1595,00;Down
2002,00;-1595,00;1752,00;-4154,00;-0.188;-0.008;14013,00;24838,00;Up
2002,00;24838,00;-1595,00;1752,00;-4154,00;-0.188;11845,00;1011,00;Up
2002,00;1011,00;24838,00;-1595,00;1752,00;-4154,00;11306,00;0.733;Up
2002,00;0.733;1011,00;24838,00;-1595,00;1752,00;11864,00;-0.014;Down
2002,00;-0.014;0.733;1011,00;24838,00;-1595,00;0.8466;-2478,00;Down
2002,00;-2478,00;-0.014;0.733;1011,00;24838,00;11916,00;0.327;Up
2002,00;0.327;-2478,00;-0.014;0.733;1011,00;1271,00;0.145;Up
2002,00;0.145;0.327;-2478,00;-0.014;0.733;10014,00;-1973,00;Down
2002,00;-1973,00;0.145;0.327;-2478,00;-0.014;14486,00;-0.465;Down
2002,00;-0.465;-1973,00;0.145;0.327;-2478,00;1501,00;-3006,00;Down
2002,00;-3006,00;-0.465;-1973,00;0.145;0.327;1524,00;0.245;Up
2002,00;0.245;-3006,00;-0.465;-1973,00;0.145;17928,00;-1383,00;Down
2002,00;-1383,00;0.245;-3006,00;-0.465;-1973,00;13811,00;-1728,00;Down
2002,00;-1728,00;-1383,00;0.245;-3006,00;-0.465;167024,00;2486,00;Up
2002,00;2486,00;-1728,00;-1383,00;0.245;-3006,00;16515,00;1821,00;Up
2002,00;1821,00;2486,00;-1728,00;-1383,00;0.245;23743,00;-3226,00;Down
2002,00;-3226,00;1821,00;2486,00;-1728,00;-1383,00;15073,00;-1461,00;Down
2002,00;-1461,00;-3226,00;1821,00;2486,00;-1728,00;172187,00;4002,00;Up
2002,00;4002,00;-1461,00;-3226,00;1821,00;2486,00;17809,00;-2359,00;Down
2002,00;-2359,00;4002,00;-1461,00;-3226,00;1821,00;16689,00;-1082,00;Down
2002,00;-1082,00;-2359,00;4002,00;-1461,00;-3226,00;16745,00;-2243,00;Down
2002,00;-2243,00;-1082,00;-2359,00;4002,00;-1461,00;183593,00;-1911,00;Down
2002,00;-1911,00;-2243,00;-1082,00;-2359,00;4002,00;15765,00;25204,00;Up
2002,00;25204,00;-1911,00;-2243,00;-1082,00;-2359,00;193843,00;-2729,00;Down
2002,00;-2729,00;25204,00;-1911,00;-2243,00;-1082,00;188503,00;3497,00;Up
2002,00;3497,00;-2729,00;25204,00;-1911,00;-2243,00;209023,00;3906,00;Up
2002,00;3906,00;3497,00;-2729,00;25204,00;-1911,00;185413,00;0.733;Up
2002,00;0.733;3906,00;3497,00;-2729,00;25204,00;12003,00;4734,00;Up
2002,00;4734,00;0.733;3906,00;3497,00;-2729,00;1956,00;-2411,00;Down
2002,00;-2411,00;4734,00;0.733;3906,00;3497,00;1585,00;44958,00;Up
2002,00;44958,00;-2411,00;4734,00;0.733;3906,00;178039,00;0.59;Up
2002,00;0.59;44958,00;-2411,00;4734,00;0.733;14231,00;1733,00;Up
2002,00;1733,00;0.59;44958,00;-2411,00;4734,00;1447,00;-1063,00;Down
2002,00;-1063,00;1733,00;0.59;44958,00;-2411,00;15492,00;0.672;Up
2002,00;0.672;-1063,00;1733,00;0.59;44958,00;15939,00;-1522,00;Down
2002,00;-1522,00;0.672;-1063,00;1733,00;0.59;170057,00;1717,00;Up
2002,00;1717,00;-1522,00;0.672;-1063,00;1733,00;13404,00;-0.827;Down
2002,00;-0.827;1717,00;-1522,00;0.672;-1063,00;13826,00;-0.908;Down
2002,00;-0.908;-0.827;1717,00;-1522,00;0.672;15297,00;0.97;Up
2002,00;0.97;-0.908;-0.827;1717,00;-1522,00;14223,00;-0.556;Down
2002,00;-0.556;0.97;-0.908;-0.827;1717,00;16413,00;1716,00;Up
2002,00;1716,00;-0.556;0.97;-0.908;-0.827;14504,00;0.82;Up
2002,00;0.82;1716,00;-0.556;0.97;-0.908;16459,00;0.775;Up
2002,00;0.775;0.82;1716,00;-0.556;0.97;13541,00;0.914;Up
2002,00;0.914;0.775;0.82;1716,00;-0.556;1674,00;-2285,00;Down
2002,00;-2285,00;0.914;0.775;0.82;1716,00;14669,00;-0.876;Down
2002,00;-0.876;-2285,00;0.914;0.775;0.82;14465,00;-2073,00;Down
2002,00;-2073,00;-0.876;-2285,00;0.914;0.775;1113,00;0.772;Up
2002,00;0.772;-2073,00;-0.876;-2285,00;0.914;13771,00;-0.048;Down
2002,00;-0.048;0.772;-2073,00;-0.876;-2285,00;14634,00;2463,00;Up
2002,00;2463,00;-0.048;0.772;-2073,00;-0.876;1519,00;0.615;Up
2002,00;0.615;2463,00;-0.048;0.772;-2073,00;14001,00;-1041,00;Down
2002,00;-1041,00;0.615;2463,00;-0.048;0.772;12826,00;-0.402;Down
2002,00;-0.402;-1041,00;0.615;2463,00;-0.048;13374,00;1941,00;Up
2002,00;1941,00;-0.402;-1041,00;0.615;2463,00;15173,00;2145,00;Up
2002,00;2145,00;1941,00;-0.402;-1041,00;0.615;24151,00;-0.344;Down
2002,00;-0.344;2145,00;1941,00;-0.402;-1041,00;16268,00;0.249;Up
2002,00;0.249;-0.344;2145,00;1941,00;-0.402;1574,00;-2097,00;Down
2002,00;-2097,00;0.249;-0.344;2145,00;1941,00;15436,00;2799,00;Up
2002,00;2799,00;-2097,00;0.249;-0.344;2145,00;13503,00;-0.273;Down
2002,00;-0.273;2799,00;-2097,00;0.249;-0.344;0.64346;-0.19;Down
2002,00;-0.19;-0.273;2799,00;-2097,00;0.249;1612,00;-1475,00;Down
2002,00;-1475,00;-0.19;-0.273;2799,00;-2097,00;14884,00;-0.344;Down
2002,00;-0.344;-1475,00;-0.19;-0.273;2799,00;15889,00;-1202,00;Down
2002,00;-1202,00;-0.344;-1475,00;-0.19;-0.273;12502,00;0.627;Up
2002,00;0.627;-1202,00;-0.344;-1475,00;-0.19;12411,00;-2218,00;Down
2002,00;-2218,00;0.627;-1202,00;-0.344;-1475,00;13208,00;1396,00;Up
2002,00;1396,00;-2218,00;0.627;-1202,00;-0.344;12866,00;0.056;Up
2002,00;0.056;1396,00;-2218,00;0.627;-1202,00;12851,00;-0.373;Down
2002,00;-0.373;0.056;1396,00;-2218,00;0.627;12553,00;-1342,00;Down
2002,00;-1342,00;-0.373;0.056;1396,00;-2218,00;13308,00;2352,00;Up
2002,00;2352,00;-1342,00;-0.373;0.056;1396,00;12716,00;-0.814;Down
2002,00;-0.814;2352,00;-1342,00;-0.373;0.056;12518,00;-1315,00;Down
2002,00;-1315,00;-0.814;2352,00;-1342,00;-0.373;14462,00;-0.771;Down
2002,00;-0.771;-1315,00;-0.814;2352,00;-1342,00;13859,00;1302,00;Up
2002,00;1302,00;-0.771;-1315,00;-0.814;2352,00;178273,00;0.181;Up
2002,00;0.181;1302,00;-0.771;-1315,00;-0.814;11121,00;-0.547;Down
2002,00;-0.547;0.181;1302,00;-0.771;-1315,00;0.45831;-0.315;Down
2002,00;-0.315;-0.547;0.181;1302,00;-0.771;0.7211;-1603,00;Down
2002,00;-1603,00;-0.315;-0.547;0.181;1302,00;0.7584;0.456;Up
2002,00;0.456;-1603,00;-0.315;-0.547;0.181;10578,00;0.049;Up
2003,00;0.049;0.456;-1603,00;-0.315;-0.547;10885,00;Mrz 32;Up
2003,00;Mrz 32;0.049;0.456;-1603,00;-0.315;12292,00;-0.048;Down
2003,00;-0.048;Mrz 32;0.049;0.456;-1603,00;11308,00;2247,00;Up
2003,00;2247,00;-0.048;Mrz 32;0.049;0.456;14359,00;-0.654;Down
2003,00;-0.654;2247,00;-0.048;Mrz 32;0.049;15452,00;-1409,00;Down
2003,00;-1409,00;-0.654;2247,00;-0.048;Mrz 32;14676,00;1939,00;Up
2003,00;1939,00;-1409,00;-0.654;2247,00;-0.048;15603,00;0,00;Up
2003,00;0,00;1939,00;-1409,00;-0.654;2247,00;14854,00;-0.141;Down
2003,00;-0.141;0,00;1939,00;-1409,00;-0.654;13963,00;0.583;Up
2003,00;0.583;-0.141;0,00;1939,00;-1409,00;13794,00;-1443,00;Down
2003,00;-1443,00;0.583;-0.141;0,00;1939,00;14321,00;-0.394;Down
2003,00;-0.394;-1443,00;0.583;-0.141;0,00;15346,00;-1402,00;Down
2003,00;-1402,00;-0.394;-1443,00;0.583;-0.141;13582,00;-1.57;Down
2003,00;-1.57;-1402,00;-0.394;-1443,00;0.583;13352,00;-1043,00;Down
2003,00;-1043,00;-1.57;-1402,00;-0.394;-1443,00;15608,00;1022,00;Up
2003,00;1022,00;-1043,00;-1.57;-1402,00;-0.394;174455,00;-2923,00;Down
2003,00;-2923,00;1022,00;-1043,00;-1.57;-1402,00;15748,00;-1616,00;Down
2003,00;-1616,00;-2923,00;1022,00;-1043,00;-1.57;14359,00;1305,00;Up
2003,00;1305,00;-1616,00;-2923,00;1022,00;-1043,00;14591,00;0.678;Up
2003,00;0.678;1305,00;-1616,00;-2923,00;1022,00;15954,00;-2285,00;Down
2003,00;-2285,00;0.678;1305,00;-1616,00;-2923,00;15103,00;1313,00;Up
2003,00;1313,00;-2285,00;0.678;1305,00;-1616,00;157853,00;0.54;Up
2003,00;0.54;1313,00;-2285,00;0.678;1305,00;12585,00;-1409,00;Down
2003,00;-1409,00;0.54;1313,00;-2285,00;0.678;14516,00;-0.544;Down
2003,00;-0.544;-1409,00;0.54;1313,00;-2285,00;14508,00;-0.645;Down
2003,00;-0.645;-0.544;-1409,00;0.54;1313,00;14309,00;-1009,00;Down
2003,00;-1009,00;-0.645;-0.544;-1409,00;0.54;12768,00;0.757;Up
2003,00;0.757;-1009,00;-0.645;-0.544;-1409,00;12382,00;-0.81;Down
2003,00;-0.81;0.757;-1009,00;-0.645;-0.544;1307,00;-1269,00;Down
2003,00;-1269,00;-0.81;0.757;-1009,00;-0.645;12605,00;-0.16;Down
2003,00;-0.16;-1269,00;-0.81;0.757;-1009,00;14893,00;2143,00;Up
2003,00;2143,00;-0.16;-1269,00;-0.81;0.757;14046,00;34700,00;Up
2003,00;34700,00;2143,00;-0.16;-1269,00;-0.81;12508,00;-0.71;Down
2003,00;-0.71;34700,00;2143,00;-0.16;-1269,00;10756,00;-0.95;Down
2003,00;-0.95;-0.71;34700,00;2143,00;-0.16;11941,00;1322,00;Up
2003,00;1322,00;-0.95;-0.71;34700,00;2143,00;13982,00;-1838,00;Down
2003,00;-1838,00;1322,00;-0.95;-0.71;34700,00;12292,00;0.719;Up
2003,00;0.719;-1838,00;1322,00;-0.95;-0.71;14837,00;-1314,00;Down
2003,00;-1314,00;0.719;-1838,00;1322,00;-0.95;13744,00;1176,00;Up
2003,00;1176,00;-1314,00;0.719;-1838,00;1322,00;12878,00;0.462;Up
2003,00;0.462;1176,00;-1314,00;0.719;-1838,00;13733,00;-0.754;Down
2003,00;-0.754;0.462;1176,00;-1314,00;0.719;12089,00;-1536,00;Down
2003,00;-1536,00;-0.754;0.462;1176,00;-1314,00;12566,00;0.956;Up
2003,00;0.956;-1536,00;-0.754;0.462;1176,00;13327,00;-0.934;Down
2003,00;-0.934;0.956;-1536,00;-0.754;0.462;12992,00;0.826;Up
2003,00;0.826;-0.934;0.956;-1536,00;-0.754;13685,00;-2583,00;Down
2003,00;-2583,00;0.826;-0.934;0.956;-1536,00;1255,00;-0.836;Down
2003,00;-0.836;-2583,00;0.826;-0.934;0.956;14277,00;0.432;Up
2003,00;0.432;-0.836;-2583,00;0.826;-0.934;22647,00;3446,00;Up
2003,00;3446,00;0.432;-0.836;-2583,00;0.826;18163,00;0.165;Up
2003,00;0.165;3446,00;0.432;-0.836;-2583,00;15419,00;3543,00;Up
2003,00;3543,00;0.165;3446,00;0.432;-0.836;170042,00;0.424;Up
2003,00;0.424;3543,00;0.165;3446,00;0.432;15551,00;0.874;Up
2003,00;0.874;0.424;3543,00;0.165;3446,00;14734,00;0.189;Up
2003,00;0.189;0.874;0.424;3543,00;0.165;14391,00;2298,00;Up
2003,00;2298,00;0.189;0.874;0.424;3543,00;188371,00;-3523,00;Down
2003,00;-3523,00;2298,00;0.189;0.874;0.424;1293,00;1216,00;Up
2003,00;1216,00;-3523,00;2298,00;0.189;0.874;13334,00;-0.548;Down
2003,00;-0.548;1216,00;-3523,00;2298,00;0.189;13197,00;-0.164;Down
2003,00;-0.164;-0.548;1216,00;-3523,00;2298,00;12329,00;-0.578;Down
2003,00;-0.578;-0.164;-0.548;1216,00;-3523,00;1227,00;-1774,00;Down
2003,00;-1774,00;-0.578;-0.164;-0.548;1216,00;14955,00;1214,00;Up
2003,00;1214,00;-1774,00;-0.578;-0.164;-0.548;14616,00;2612,00;Up
2003,00;2612,00;1214,00;-1774,00;-0.578;-0.164;15898,00;-0.505;Down
2003,00;-0.505;2612,00;1214,00;-1774,00;-0.578;13395,00;0.274;Up
2003,00;0.274;-0.505;2612,00;1214,00;-1774,00;12412,00;0.123;Up
2003,00;0.123;0.274;-0.505;2612,00;1214,00;1494,00;-0.186;Down
2003,00;-0.186;0.123;0.274;-0.505;2612,00;12354,00;-1.4;Down
2003,00;-1.4;-0.186;0.123;0.274;-0.505;12937,00;0.646;Up
2003,00;0.646;-1.4;-0.186;0.123;0.274;12753,00;-0.376;Down
2003,00;-0.376;0.646;-1.4;-0.186;0.123;11416,00;34700,00;Up
2003,00;34700,00;-0.376;0.646;-1.4;-0.186;1131,00;0.63;Up
2003,00;0.63;34700,00;-0.376;0.646;-1.4;14602,00;-1224,00;Down
2003,00;-1224,00;0.63;34700,00;-0.376;0.646;15876,00;1554,00;Up
2003,00;1554,00;-1224,00;0.63;34700,00;-0.376;14306,00;-0.176;Down
2003,00;-0.176;1554,00;-1224,00;0.63;34700,00;11187,00;42767,00;Up
2003,00;42767,00;-0.176;1554,00;-1224,00;0.63;16312,00;0.839;Up
2003,00;0.839;42767,00;-0.176;1554,00;-1224,00;16672,00;-0.826;Down
2003,00;-0.826;0.839;42767,00;-0.176;1554,00;16481,00;-1385,00;Down
2003,00;-1385,00;-0.826;0.839;42767,00;-0.176;13358,00;1783,00;Up
2003,00;1783,00;-1385,00;-0.826;0.839;42767,00;1273,00;0.328;Up
2003,00;0.328;1783,00;-1385,00;-0.826;0.839;15256,00;-0.1;Down
2003,00;-0.1;0.328;1783,00;-1385,00;-0.826;178851,00;-0.068;Down
2003,00;-0.068;-0.1;0.328;1783,00;-1385,00;13975,00;1504,00;Up
2003,00;1504,00;-0.068;-0.1;0.328;1783,00;15543,00;-0.38;Down
2003,00;-0.38;1504,00;-0.068;-0.1;0.328;14463,00;0.846;Up
2003,00;0.846;-0.38;1504,00;-0.068;-0.1;16496,00;-0.51;Down
2003,00;-0.51;0.846;-0.38;1504,00;-0.068;15319,00;-1006,00;Down
2003,00;-1006,00;-0.51;0.846;-0.38;1504,00;13796,00;1428,00;Up
2003,00;1428,00;-1006,00;-0.51;0.846;-0.38;13261,00;1253,00;Up
2003,00;1253,00;1428,00;-1006,00;-0.51;0.846;13788,00;-0.297;Down
2003,00;-0.297;1253,00;1428,00;-1006,00;-0.51;14181,00;-0.32;Down
2003,00;-0.32;-0.297;1253,00;1428,00;-1006,00;14018,00;0.787;Up
2003,00;0.787;-0.32;-0.297;1253,00;1428,00;15087,00;-0.25;Down
2003,00;-0.25;0.787;-0.32;-0.297;1253,00;15055,00;-2492,00;Down
2003,00;-2492,00;-0.25;0.787;-0.32;-0.297;13757,00;-0.113;Down
2003,00;-0.113;-2492,00;-0.25;0.787;-0.32;15053,00;0.401;Up
2003,00;0.401;-0.113;-2492,00;-0.25;0.787;14578,00;0.915;Up
2003,00;0.915;0.401;-0.113;-2492,00;-0.25;14485,00;0.145;Up
2003,00;0.145;0.915;0.401;-0.113;-2492,00;1201,00;1957,00;Up
2003,00;1957,00;0.145;0.915;0.401;-0.113;1532,00;0.183;Up
2003,00;0.183;1957,00;0.145;0.915;0.401;1559,00;-0.376;Down
2003,00;-0.376;0.183;1957,00;0.145;0.915;16858,00;1469,00;Up
2003,00;1469,00;-0.376;0.183;1957,00;0.145;16888,00;0.354;Up
2003,00;0.354;1469,00;-0.376;0.183;1957,00;16625,00;0.472;Up
2003,00;0.472;0.354;1469,00;-0.376;0.183;14502,00;1511,00;Up
2003,00;1511,00;0.472;0.354;1469,00;-0.376;16187,00;0.395;Up
2003,00;0.395;1511,00;0.472;0.354;1469,00;16931,00;-0.24;Down
2003,00;-0.24;0.395;1511,00;0.472;0.354;18372,00;-1198,00;Down
2003,00;-1198,00;-0.24;0.395;1511,00;0.472;1307,00;0.913;Up
2003,00;0.913;-1198,00;-0.24;0.395;1511,00;12754,00;1283,00;Up
2003,00;1283,00;0.913;-1198,00;-0.24;0.395;18994,00;0.103;Up
2003,00;0.103;1283,00;0.913;-1198,00;-0.24;15531,00;-0.991;Down
2003,00;-0.991;0.103;1283,00;0.913;-1198,00;12716,00;2238,00;Up
2003,00;2238,00;-0.991;0.103;1283,00;0.913;13459,00;0.091;Up
2003,00;0.091;2238,00;-0.991;0.103;1283,00;14797,00;-0.155;Down
2003,00;-0.155;0.091;2238,00;-0.991;0.103;14889,00;-1524,00;Down
2003,00;-1524,00;-0.155;0.091;2238,00;-0.991;15301,00;0.1;Up
2003,00;0.1;-1524,00;-0.155;0.091;2238,00;1698,00;-1411,00;Down
2003,00;-1411,00;0.1;-1524,00;-0.155;0.091;13981,00;0.184;Up
2003,00;0.184;-1411,00;0.1;-1524,00;-0.155;13883,00;-0.827;Down
2003,00;-0.827;0.184;-1411,00;0.1;-1524,00;14592,00;1077,00;Up
2003,00;1077,00;-0.827;0.184;-1411,00;0.1;13874,00;-0.974;Down
2003,00;-0.974;1077,00;-0.827;0.184;-1411,00;12678,00;-0.176;Down
2003,00;-0.176;-0.974;1077,00;-0.827;0.184;15872,00;0.802;Up
2003,00;0.802;-0.176;-0.974;1077,00;-0.827;14602,00;1164,00;Up
2003,00;1164,00;0.802;-0.176;-0.974;1077,00;15193,00;-0.81;Down
2003,00;-0.81;1164,00;0.802;-0.176;-0.974;0.7759;1899,00;Up
2003,00;1899,00;-0.81;1164,00;0.802;-0.176;14291,00;0.34;Up
2003,00;0.34;1899,00;-0.81;1164,00;0.802;15657,00;-0.559;Down
2003,00;-0.559;0.34;1899,00;-0.81;1164,00;1618,00;-1348,00;Down
2003,00;-1348,00;-0.559;0.34;1899,00;-0.81;14657,00;0.955;Up
2003,00;0.955;-1348,00;-0.559;0.34;1899,00;12127,00;0.573;Up
2003,00;0.573;0.955;-1348,00;-0.559;0.34;14489,00;-0.343;Down
2003,00;-0.343;0.573;0.955;-1348,00;-0.559;15186,00;-0.633;Down
2003,00;-0.633;-0.343;0.573;0.955;-1348,00;1662,00;-1243,00;Down
2003,00;-1243,00;-0.633;-0.343;0.573;0.955;16614,00;1181,00;Up
2003,00;1181,00;-1243,00;-0.633;-0.343;0.573;13652,00;-1462,00;Down
2003,00;-1462,00;1181,00;-1243,00;-0.633;-0.343;12542,00;0.951;Up
2003,00;0.951;-1462,00;1181,00;-1243,00;-0.633;14397,00;0.051;Up
2003,00;0.051;0.951;-1462,00;1181,00;-1243,00;13627,00;-0.709;Down
2003,00;-0.709;0.051;0.951;-1462,00;1181,00;1559,00;27030,00;Up
2003,00;27030,00;-0.709;0.051;0.951;-1462,00;13975,00;-0.216;Down
2003,00;-0.216;27030,00;-0.709;0.051;0.951;13286,00;-0.727;Down
2003,00;-0.727;-0.216;27030,00;-0.709;0.051;15089,00;-0.181;Down
2003,00;-0.181;-0.727;-0.216;27030,00;-0.709;13919,00;0.286;Up
2003,00;0.286;-0.181;-0.727;-0.216;27030,00;1608,00;-1026,00;Down
2003,00;-1026,00;0.286;-0.181;-0.727;-0.216;13906,00;0.272;Up
2003,00;0.272;-1026,00;0.286;-0.181;-0.727;13187,00;-1766,00;Down
2003,00;-1766,00;0.272;-1026,00;0.286;-0.181;13517,00;0.168;Up
2003,00;0.168;-1766,00;0.272;-1026,00;0.286;1491,00;0.728;Up
2003,00;0.728;0.168;-1766,00;0.272;-1026,00;13893,00;0.356;Up
2003,00;0.356;0.728;0.168;-1766,00;0.272;10866,00;0.307;Up
2003,00;0.307;0.356;0.728;0.168;-1766,00;10222,00;0.995;Up
2003,00;0.995;0.307;0.356;0.728;0.168;11323,00;-0.638;Down
2003,00;-0.638;0.995;0.307;0.356;0.728;12088,00;0.659;Up
2003,00;0.659;-0.638;0.995;0.307;0.356;11868,00;0.016;Up
2003,00;0.016;0.659;-0.638;0.995;0.307;0.63637;0.916;Up
2003,00;0.916;0.016;0.659;-0.638;0.995;11276,00;0.261;Up
2003,00;0.261;0.916;0.016;0.659;-0.638;13006,00;-0.205;Down
2003,00;-0.205;0.261;0.916;0.016;0.659;12108,00;0.297;Up
2003,00;0.297;-0.205;0.261;0.916;0.016;14071,00;-1018,00;Down
2003,00;-1018,00;0.297;-0.205;0.261;0.916;13089,00;0.065;Up
2003,00;0.065;-1018,00;0.297;-0.205;0.261;0.9717;0.304;Up
2003,00;0.304;0.065;-1018,00;0.297;-0.205;11787,00;0.006;Up
2003,00;0.006;0.304;0.065;-1018,00;0.297;10514,00;0.607;Up
2003,00;0.607;0.006;0.304;0.065;-1018,00;11652,00;0.516;Up
2003,00;0.516;0.607;0.006;0.304;0.065;0.9451;1387,00;Up
2003,00;1387,00;0.516;0.607;0.006;0.304;14705,00;0.419;Up
2003,00;0.419;1387,00;0.516;0.607;0.006;16756,00;0.166;Up
2003,00;0.166;0.419;1387,00;0.516;0.607;14539,00;-0.64;Down
2003,00;-0.64;0.166;0.419;1387,00;0.516;14652,00;1004,00;Up
2003,00;1004,00;-0.64;0.166;0.419;1387,00;12993,00;-0.821;Down
2003,00;-0.821;1004,00;-0.64;0.166;0.419;14148,00;-1197,00;Down
2003,00;-1197,00;-0.821;1004,00;-0.64;0.166;15821,00;0.544;Up
2003,00;0.544;-1197,00;-0.821;1004,00;-0.64;13359,00;0.217;Up
2003,00;0.217;0.544;-1197,00;-0.821;1004,00;12367,00;-0.375;Down
2003,00;-0.375;0.217;0.544;-1197,00;-0.821;11513,00;15707,00;Up
2003,00;15707,00;-0.375;0.217;0.544;-1197,00;14032,00;-0.325;Down
2003,00;-0.325;15707,00;-0.375;0.217;0.544;133821,00;1327,00;Up
2003,00;1327,00;-0.325;15707,00;-0.375;0.217;14988,00;-0.316;Down
2003,00;-0.316;1327,00;-0.325;15707,00;-0.375;15186,00;-1301,00;Down
2003,00;-1301,00;-0.316;1327,00;-0.325;15707,00;12788,00;0.607;Up
2003,00;0.607;-1301,00;-0.316;1327,00;-0.325;13017,00;-1.91;Down
2003,00;-1.91;0.607;-1301,00;-0.316;1327,00;1556,00;-0.605;Down
2003,00;-0.605;-1.91;0.607;-1301,00;-0.316;19360,00;-0.64;Down
2003,00;-0.64;-0.605;-1.91;0.607;-1301,00;14725,00;0.976;Up
2003,00;0.976;-0.64;-0.605;-1.91;0.607;13665,00;-1054,00;Down
2003,00;-1054,00;0.976;-0.64;-0.605;-1.91;15905,00;2234,00;Up
2003,00;2234,00;-1054,00;0.976;-0.64;-0.605;15663,00;0.198;Up
2003,00;0.198;2234,00;-1054,00;0.976;-0.64;12693,00;0.942;Up
2003,00;0.942;0.198;2234,00;-1054,00;0.976;15705,00;0.437;Up
2003,00;0.437;0.942;0.198;2234,00;-1054,00;10258,00;0.474;Up
2003,00;0.474;0.437;0.942;0.198;2234,00;12795,00;-0.526;Down
2003,00;-0.526;0.474;0.437;0.942;0.198;12625,00;0.479;Up
2003,00;0.479;-0.526;0.474;0.437;0.942;15787,00;-0.065;Down
2003,00;-0.065;0.479;-0.526;0.474;0.437;11081,00;0.702;Up
2003,00;0.702;-0.065;0.479;-0.526;0.474;10405,00;0.395;Up
2003,00;0.395;0.702;-0.065;0.479;-0.526;12719,00;-0.259;Down
2003,00;-0.259;0.395;0.702;-0.065;0.479;15211,00;0.316;Up
2003,00;0.316;-0.259;0.395;0.702;-0.065;14177,00;-1024,00;Down
2003,00;-1024,00;0.316;-0.259;0.395;0.702;1352,00;0.516;Up
2003,00;0.516;-1024,00;0.316;-0.259;0.395;11726,00;0.129;Up
2003,00;0.129;0.516;-1024,00;0.316;-0.259;1498,00;-1498,00;Down
2003,00;-1498,00;0.129;0.516;-1024,00;0.316;16472,00;0.331;Up
2003,00;0.331;-1498,00;0.129;0.516;-1024,00;16043,00;-0.47;Down
2003,00;-0.47;0.331;-1498,00;0.129;0.516;14203,00;0.216;Up
2003,00;0.216;-0.47;0.331;-1498,00;0.129;13718,00;1519,00;Up
2003,00;1519,00;0.216;-0.47;0.331;-1498,00;16292,00;0.126;Up
2003,00;0.126;1519,00;0.216;-0.47;0.331;15626,00;-0.112;Down
2003,00;-0.112;0.126;1519,00;0.216;-0.47;16297,00;0.36;Up
2003,00;0.36;-0.112;0.126;1519,00;0.216;14989,00;0.791;Up
2003,00;0.791;0.36;-0.112;0.126;1519,00;13782,00;-0.545;Down
2003,00;-0.545;0.791;0.36;-0.112;0.126;14176,00;-0.137;Down
2003,00;-0.137;-0.545;0.791;0.36;-0.112;14018,00;0.593;Up
2003,00;0.593;-0.137;-0.545;0.791;0.36;14539,00;-0.457;Down
2003,00;-0.457;0.593;-0.137;-0.545;0.791;14405,00;-0.579;Down
2003,00;-0.579;-0.457;0.593;-0.137;-0.545;12436,00;-0.052;Down
2003,00;-0.052;-0.579;-0.457;0.593;-0.137;11625,00;1143,00;Up
2003,00;1143,00;-0.052;-0.579;-0.457;0.593;13493,00;-0.011;Down
2003,00;-0.011;1143,00;-0.052;-0.579;-0.457;1383,00;-0.762;Down
2003,00;-0.762;-0.011;1143,00;-0.052;-0.579;13561,00;-0.64;Down
2003,00;-0.64;-0.762;-0.011;1143,00;-0.052;13743,00;-0.908;Down
2003,00;-0.908;-0.64;-0.762;-0.011;1143,00;13543,00;0.802;Up
2003,00;0.802;-0.908;-0.64;-0.762;-0.011;13262,00;-0.843;Down
2003,00;-0.843;0.802;-0.908;-0.64;-0.762;13267,00;0.158;Up
2003,00;0.158;-0.843;0.802;-0.908;-0.64;12738,00;1623,00;Up
2003,00;1623,00;0.158;-0.843;0.802;-0.908;13028,00;0.172;Up
2003,00;0.172;1623,00;0.158;-0.843;0.802;13337,00;0.433;Up
2003,00;0.433;0.172;1623,00;0.158;-0.843;10977,00;-0.024;Down
2003,00;-0.024;0.433;0.172;1623,00;0.158;0.48722;1126,00;Up
2003,00;1126,00;-0.024;0.433;0.172;1623,00;1375,00;-0.327;Down
2003,00;-0.327;1126,00;-0.024;0.433;0.172;13832,00;-0.177;Down
2003,00;-0.177;-0.327;1126,00;-0.024;0.433;14417,00;0.469;Up
2003,00;0.469;-0.177;-0.327;1126,00;-0.024;14631,00;-0.768;Down
2003,00;-0.768;0.469;-0.177;-0.327;1126,00;12659,00;0.735;Up
2003,00;0.735;-0.768;0.469;-0.177;-0.327;12189,00;-0.853;Down
2003,00;-0.853;0.735;-0.768;0.469;-0.177;14655,00;-0.107;Down
2003,00;-0.107;-0.853;0.735;-0.768;0.469;1444,00;1148,00;Up
2003,00;1148,00;-0.107;-0.853;0.735;-0.768;14411,00;0.274;Up
2003,00;0.274;1148,00;-0.107;-0.853;0.735;12231,00;-0.568;Down
2003,00;-0.568;0.274;1148,00;-0.107;-0.853;15208,00;0.664;Up
2003,00;0.664;-0.568;0.274;1148,00;-0.107;15479,00;0.126;Up
2003,00;0.126;0.664;-0.568;0.274;1148,00;14417,00;43101,00;Up
2003,00;43101,00;0.126;0.664;-0.568;0.274;15799,00;-0.048;Down
2003,00;-0.048;43101,00;0.126;0.664;-0.568;16573,00;0.393;Up
2003,00;0.393;-0.048;43101,00;0.126;0.664;12517,00;0.282;Up
2003,00;0.282;0.393;-0.048;43101,00;0.126;11453,00;-0.181;Down
2003,00;-0.181;0.282;0.393;-0.048;43101,00;0.51806;0.169;Up
2003,00;0.169;-0.181;0.282;0.393;-0.048;0.35607;45292,00;Up
2003,00;45292,00;0.169;-0.181;0.282;0.393;10588,00;0.014;Up
2003,00;0.014;45292,00;0.169;-0.181;0.282;10126,00;0.205;Up
2004,00;0.205;0.014;45292,00;0.169;-0.181;10275,00;-0.309;Down
2004,00;-0.309;0.205;0.014;45292,00;0.169;11532,00;45292,00;Up
2004,00;45292,00;-0.309;0.205;0.014;45292,00;15782,00;0.129;Up
2004,00;0.129;45292,00;-0.309;0.205;0.014;14945,00;0.237;Up
2004,00;0.237;0.129;45292,00;-0.309;0.205;17049,00;0.496;Up
2004,00;0.496;0.237;0.129;45292,00;-0.309;18684,00;-0.889;Down
2004,00;-0.889;0.496;0.237;0.129;45292,00;17207,00;0.479;Up
2004,00;0.479;-0.889;0.496;0.237;0.129;15102,00;-0.533;Down
2004,00;-0.533;0.479;-0.889;0.496;0.237;15959,00;0.829;Up
2004,00;0.829;-0.533;0.479;-0.889;0.496;15146,00;0.135;Up
2004,00;0.135;0.829;-0.533;0.479;-0.889;1695,00;0.687;Up
2004,00;0.687;0.135;0.829;-0.533;0.479;17211,00;-0.093;Down
2004,00;-0.093;0.687;0.135;0.829;-0.533;16982,00;0.777;Up
2004,00;0.777;-0.093;0.687;0.135;0.829;17576,00;-0.321;Down
2004,00;-0.321;0.777;-0.093;0.687;0.135;16937,00;-0.209;Down
2004,00;-0.209;-0.321;0.777;-0.093;0.687;15612,00;1211,00;Up
2004,00;1211,00;-0.209;-0.321;0.777;-0.093;14806,00;-0.98;Down
2004,00;-0.98;1211,00;-0.209;-0.321;0.777;16731,00;-1361,00;Down
2004,00;-1361,00;-0.98;1211,00;-0.209;-0.321;1842,00;0.499;Up
2004,00;0.499;-1361,00;-0.98;1211,00;-0.209;19219,00;-0.263;Down
2004,00;-0.263;0.499;-1361,00;-0.98;1211,00;1635,00;0.365;Up
2004,00;0.365;-0.263;0.499;-1361,00;-0.98;15992,00;0.068;Up
2004,00;0.068;0.365;-0.263;0.499;-1361,00;14769,00;-0.837;Down
2004,00;-0.837;0.068;0.365;-0.263;0.499;16348,00;0.184;Up
2004,00;0.184;-0.837;0.068;0.365;-0.263;15666,00;1256,00;Up
2004,00;1256,00;0.184;-0.837;0.068;0.365;14776,00;-0.258;Down
2004,00;-0.258;1256,00;0.184;-0.837;0.068;13035,00;0.503;Up
2004,00;0.503;-0.258;1256,00;0.184;-0.837;14039,00;1067,00;Up
2004,00;1067,00;0.503;-0.258;1256,00;0.184;16993,00;-0.488;Down
2004,00;-0.488;1067,00;0.503;-0.258;1256,00;14643,00;-0.547;Down
2004,00;-0.547;-0.488;1067,00;0.503;-0.258;13292,00;0.976;Up
2004,00;0.976;-0.547;-0.488;1067,00;0.503;13965,00;-0.447;Down
2004,00;-0.447;0.976;-0.547;-0.488;1067,00;13824,00;-0.413;Down
2004,00;-0.413;-0.447;0.976;-0.547;-0.488;15628,00;-0.257;Down
2004,00;-0.257;-0.413;-0.447;0.976;-0.547;14796,00;-0.273;Down
2004,00;-0.273;-0.257;-0.413;-0.447;0.976;13804,00;-0.167;Down
2004,00;-0.167;-0.273;-0.257;-0.413;-0.447;15436,00;0.402;Up
2004,00;0.402;-0.167;-0.273;-0.257;-0.413;13607,00;0.108;Up
2004,00;0.108;0.402;-0.167;-0.273;-0.257;13839,00;0.003;Up
2004,00;0.003;0.108;0.402;-0.167;-0.273;15404,00;0.963;Up
2004,00;0.963;0.003;0.108;0.402;-0.167;14971,00;-0.594;Down
2004,00;-0.594;0.963;0.003;0.108;0.402;1476,00;0.168;Up
2004,00;0.168;-0.594;0.963;0.003;0.108;13345,00;0.334;Up
2004,00;0.334;0.168;-0.594;0.963;0.003;12658,00;0.172;Up
2004,00;0.172;0.334;0.168;-0.594;0.963;13982,00;-0.835;Down
2004,00;-0.835;0.172;0.334;0.168;-0.594;12544,00;-0.577;Down
2004,00;-0.577;-0.835;0.172;0.334;0.168;14994,00;-1463,00;Down
2004,00;-1463,00;-0.577;-0.835;0.172;0.334;16484,00;-1522,00;Down
2004,00;-1522,00;-1463,00;-0.577;-0.835;0.172;18899,00;1246,00;Up
2004,00;1246,00;-1522,00;-1463,00;-0.577;-0.835;13885,00;-1435,00;Down
2004,00;-1435,00;1246,00;-1522,00;-1463,00;-0.577;16006,00;0.562;Up
2004,00;0.562;-1435,00;1246,00;-1522,00;-1463,00;15007,00;1175,00;Up
2004,00;1175,00;0.562;-1435,00;1246,00;-1522,00;14901,00;-0.127;Down
2004,00;-0.127;1175,00;0.562;-1435,00;1246,00;13692,00;-1117,00;Down
2004,00;-1117,00;-0.127;1175,00;0.562;-1435,00;14574,00;-1296,00;Down
2004,00;-1296,00;-1117,00;-0.127;1175,00;0.562;14523,00;-0.132;Down
2004,00;-0.132;-1296,00;-1117,00;-0.127;1175,00;14582,00;-0.239;Down
2004,00;-0.239;-0.132;-1296,00;-1117,00;-0.127;15278,00;1637,00;Up
2004,00;1637,00;-0.239;-0.132;-1296,00;-1117,00;14717,00;-0.102;Down
2004,00;-0.102;1637,00;-0.239;-0.132;-1296,00;13191,00;01. Mrz;Up
2004,00;01. Mrz;-0.102;1637,00;-0.239;-0.132;14055,00;0.404;Up
2004,00;0.404;01. Mrz;-0.102;1637,00;-0.239;13324,00;-0.07;Down
2004,00;-0.07;0.404;01. Mrz;-0.102;1637,00;15607,00;0.529;Up
2004,00;0.529;-0.07;0.404;01. Mrz;-0.102;15607,00;0.851;Up
2004,00;0.851;0.529;-0.07;0.404;01. Mrz;16292,00;0.767;Up
2004,00;0.767;0.851;0.529;-0.07;0.404;14137,00;-0.209;Down
2004,00;-0.209;0.767;0.851;0.529;-0.07;13977,00;-0.665;Down
2004,00;-0.665;-0.209;0.767;0.851;0.529;14588,00;-0.106;Down
2004,00;-0.106;-0.665;-0.209;0.767;0.851;11998,00;0.516;Up
2004,00;0.516;-0.106;-0.665;-0.209;0.767;11024,00;-1376,00;Down
2004,00;-1376,00;0.516;-0.106;-0.665;-0.209;14232,00;-0.112;Down
2004,00;-0.112;-1376,00;0.516;-0.106;-0.665;15477,00;0.059;Up
2004,00;0.059;-0.112;-1376,00;0.516;-0.106;15687,00;0.511;Up
2004,00;0.511;0.059;-0.112;-1376,00;0.516;14878,00;0.107;Up
2004,00;0.107;0.511;0.059;-0.112;-1376,00;11949,00;-1556,00;Down
2004,00;-1556,00;0.107;0.511;0.059;-0.112;15085,00;0.531;Up
2004,00;0.531;-1556,00;0.107;0.511;0.059;17381,00;1409,00;Up
2004,00;1409,00;0.531;-1556,00;0.107;0.511;18267,00;0.059;Up
2004,00;0.059;1409,00;0.531;-1556,00;0.107;13961,00;-0.445;Down
2004,00;-0.445;0.059;1409,00;0.531;-1556,00;12906,00;0.227;Up
2004,00;0.227;-0.445;0.059;1409,00;0.531;1518,00;-1379,00;Down
2004,00;-1379,00;0.227;-0.445;0.059;1409,00;18556,00;-0.759;Down
2004,00;-0.759;-1379,00;0.227;-0.445;0.059;1859,00;-0.592;Down
2004,00;-0.592;-0.759;-1379,00;0.227;-0.445;16347,00;0.92;Up
2004,00;0.92;-0.592;-0.759;-1379,00;0.227;15716,00;0.184;Up
2004,00;0.184;0.92;-0.592;-0.759;-1379,00;16621,00;0.177;Up
2004,00;0.177;0.184;0.92;-0.592;-0.759;1469,00;-0.672;Down
2004,00;-0.672;0.177;0.184;0.92;-0.592;15093,00;-1373,00;Down
2004,00;-1373,00;-0.672;0.177;0.184;0.92;16536,00;-1054,00;Down
2004,00;-1054,00;-1373,00;-0.672;0.177;0.184;19184,00;0.766;Up
2004,00;0.766;-1054,00;-1373,00;-0.672;0.177;15338,00;0.167;Up
2004,00;0.167;0.766;-1054,00;-1373,00;-0.672;16976,00;-0.077;Down
2004,00;-0.077;0.167;0.766;-1054,00;-1373,00;14111,00;-0.067;Down
2004,00;-0.067;-0.077;0.167;0.766;-1054,00;13359,00;-1059,00;Down
2004,00;-1059,00;-0.067;-0.077;0.167;0.766;14301,00;0.682;Up
2004,00;0.682;-1059,00;-0.067;-0.077;0.167;1353,00;-0.257;Down
2004,00;-0.257;0.682;-1059,00;-0.067;-0.077;15486,00;0.047;Up
2004,00;0.047;-0.257;0.682;-1059,00;-0.067;1211,00;0.401;Up
2004,00;0.401;0.047;-0.257;0.682;-1059,00;12586,00;0.169;Up
2004,00;0.169;0.401;0.047;-0.257;0.682;12275,00;22282,00;Up
2004,00;22282,00;0.169;0.401;0.047;-0.257;15457,00;0.17;Up
2004,00;0.17;22282,00;0.169;0.401;0.047;13694,00;0.569;Up
2004,00;0.569;0.17;22282,00;0.169;0.401;14475,00;-0.054;Down
2004,00;-0.054;0.569;0.17;22282,00;0.169;11726,00;0.046;Up
2004,00;0.046;-0.054;0.569;0.17;22282,00;1238,00;0.338;Up
2004,00;0.338;0.046;-0.054;0.569;0.17;12517,00;-0.742;Down
2004,00;-0.742;0.338;0.046;-0.054;0.569;12324,00;0.525;Up
2004,00;0.525;-0.742;0.338;0.046;-0.054;11153,00;1596,00;Up
2004,00;1596,00;0.525;-0.742;0.338;0.046;12118,00;0.154;Up
2004,00;0.154;1596,00;0.525;-0.742;0.338;11903,00;-0.95;Down
2004,00;-0.95;0.154;1596,00;0.525;-0.742;12768,00;0.454;Up
2004,00;0.454;-0.95;0.154;1596,00;0.525;11606,00;-0.984;Down
2004,00;-0.984;0.454;-0.95;0.154;1596,00;11794,00;0.597;Up
2004,00;0.597;-0.984;0.454;-0.95;0.154;13459,00;0.137;Up
2004,00;0.137;0.597;-0.984;0.454;-0.95;11684,00;-0.133;Down
2004,00;-0.133;0.137;0.597;-0.984;0.454;12967,00;0.262;Up
2004,00;0.262;-0.133;0.137;0.597;-0.984;15006,00;-0.416;Down
2004,00;-0.416;0.262;-0.133;0.137;0.597;11239,00;0.364;Up
2004,00;0.364;-0.416;0.262;-0.133;0.137;13823,00;0.851;Up
2004,00;0.851;0.364;-0.416;0.262;-0.133;14442,00;-0.298;Down
2004,00;-0.298;0.851;0.364;-0.416;0.262;13949,00;-0.545;Down
2004,00;-0.545;-0.298;0.851;0.364;-0.416;18129,00;-0.095;Down
2004,00;-0.095;-0.545;-0.298;0.851;0.364;13546,00;0.251;Up
2004,00;0.251;-0.095;-0.545;-0.298;0.851;1375,00;0.408;Up
2004,00;0.408;0.251;-0.095;-0.545;-0.298;14738,00;-1043,00;Down
2004,00;-1043,00;0.408;0.251;-0.095;-0.545;14957,00;-0.315;Down
2004,00;-0.315;-1043,00;0.408;0.251;-0.095;1085,00;-0.815;Down
2004,00;-0.815;-0.315;-1043,00;0.408;0.251;12833,00;0.19;Up
2004,00;0.19;-0.815;-0.315;-1043,00;0.408;13286,00;-0.824;Down
2004,00;-0.824;0.19;-0.815;-0.315;-1043,00;14011,00;0.334;Up
2004,00;0.334;-0.824;0.19;-0.815;-0.315;11863,00;0.138;Up
2004,00;0.138;0.334;-0.824;0.19;-0.815;11146,00;0.071;Up
2004,00;0.071;0.138;0.334;-0.824;0.19;11997,00;-0.329;Down
2004,00;-0.329;0.071;0.138;0.334;-0.824;1462,00;-0.43;Down
2004,00;-0.43;-0.329;0.071;0.138;0.334;14087,00;-0.479;Down
2004,00;-0.479;-0.43;-0.329;0.071;0.138;14503,00;-0.044;Down
2004,00;-0.044;-0.479;-0.43;-0.329;0.071;13199,00;0.706;Up
2004,00;0.706;-0.044;-0.479;-0.43;-0.329;14458,00;-1334,00;Down
2004,00;-1334,00;0.706;-0.044;-0.479;-0.43;16795,00;0.271;Up
2004,00;0.271;-1334,00;0.706;-0.044;-0.479;16808,00;-0.97;Down
2004,00;-0.97;0.271;-1334,00;0.706;-0.044;13375,00;-0.196;Down
2004,00;-0.196;-0.97;0.271;-1334,00;0.706;14134,00;0.993;Up
2004,00;0.993;-0.196;-0.97;0.271;-1334,00;16108,00;0.054;Up
2004,00;0.054;0.993;-0.196;-0.97;0.271;15543,00;0.457;Up
2004,00;0.457;0.054;0.993;-0.196;-0.97;15301,00;0.117;Up
2004,00;0.117;0.457;0.054;0.993;-0.196;12982,00;0.445;Up
2004,00;0.445;0.117;0.457;0.054;0.993;1276,00;-0.626;Down
2004,00;-0.626;0.445;0.117;0.457;0.054;13383,00;-0.096;Down
2004,00;-0.096;-0.626;0.445;0.117;0.457;13692,00;-1632,00;Down
2004,00;-1632,00;-0.096;-0.626;0.445;0.117;13974,00;-1548,00;Down
2004,00;-1548,00;-1632,00;-0.096;-0.626;0.445;1521,00;0.117;Up
2004,00;0.117;-1548,00;-1632,00;-0.096;-0.626;1086,00;1297,00;Up
2004,00;1297,00;0.117;-1548,00;-1632,00;-0.096;12456,00;-0.301;Down
2004,00;-0.301;1297,00;0.117;-1548,00;-1632,00;14104,00;-1168,00;Down
2004,00;-1168,00;-0.301;1297,00;0.117;-1548,00;14051,00;0.148;Up
2004,00;0.148;-1168,00;-0.301;1297,00;0.117;11751,00;1366,00;Up
2004,00;1366,00;0.148;-1168,00;-0.301;1297,00;12062,00;0.22;Up
2004,00;0.22;1366,00;0.148;-1168,00;-0.301;12678,00;1244,00;Up
2004,00;1244,00;0.22;1366,00;0.148;-1168,00;12825,00;-0.36;Down
2004,00;-0.36;1244,00;0.22;1366,00;0.148;12494,00;0.652;Up
2004,00;0.652;-0.36;1244,00;0.22;1366,00;11999,00;-0.243;Down
2004,00;-0.243;0.652;-0.36;1244,00;0.22;10219,00;0.047;Up
2004,00;0.047;-0.243;0.652;-0.36;1244,00;10925,00;0.8;Up
2004,00;0.8;0.047;-0.243;0.652;-0.36;11922,00;0.012;Up
2004,00;0.012;0.8;0.047;-0.243;0.652;10236,00;0.243;Up
2004,00;0.243;0.012;0.8;0.047;-0.243;0.8454;-0.778;Down
2004,00;-0.778;0.243;0.012;0.8;0.047;0.8431;0.463;Up
2004,00;0.463;-0.778;0.243;0.012;0.8;11382,00;0.151;Up
2004,00;0.151;0.463;-0.778;0.243;0.012;11421,00;1121,00;Up
2004,00;1121,00;0.151;0.463;-0.778;0.243;11184,00;-0.418;Down
2004,00;-0.418;1121,00;0.151;0.463;-0.778;0.92417;0.689;Up
2004,00;0.689;-0.418;1121,00;0.151;0.463;12144,00;-0.449;Down
2004,00;-0.449;0.689;-0.418;1121,00;0.151;12463,00;0.189;Up
2004,00;0.189;-0.449;0.689;-0.418;1121,00;13713,00;0.495;Up
2004,00;0.495;0.189;-0.449;0.689;-0.418;12612,00;0.169;Up
2004,00;0.169;0.495;0.189;-0.449;0.689;12998,00;0.223;Up
2004,00;0.223;0.169;0.495;0.189;-0.449;12045,00;-0.705;Down
2004,00;-0.705;0.223;0.169;0.495;0.189;1256,00;0.279;Up
2004,00;0.279;-0.705;0.223;0.169;0.495;11139,00;0.449;Up
2004,00;0.449;0.279;-0.705;0.223;0.169;14226,00;-0.563;Down
2004,00;-0.563;0.449;0.279;-0.705;0.223;11976,00;0.633;Up
2004,00;0.633;-0.563;0.449;0.279;-0.705;1325,00;-1394,00;Down
2004,00;-1394,00;0.633;-0.563;0.449;0.279;13799,00;-0.467;Down
2004,00;-0.467;-1394,00;0.633;-0.563;0.449;12863,00;0.158;Up
2004,00;0.158;-0.467;-1394,00;0.633;-0.563;12554,00;-0.594;Down
2004,00;-0.594;0.158;-0.467;-1394,00;0.633;12635,00;0.593;Up
2004,00;0.593;-0.594;0.158;-0.467;-1394,00;13966,00;0.427;Up
2004,00;0.427;0.593;-0.594;0.158;-0.467;14029,00;-0.02;Down
2004,00;-0.02;0.427;0.593;-0.594;0.158;1748,00;1518,00;Up
2004,00;1518,00;-0.02;0.427;0.593;-0.594;15822,00;0.324;Up
2004,00;0.324;1518,00;-0.02;0.427;0.593;1534,00;-0.061;Down
2004,00;-0.061;0.324;1518,00;-0.02;0.427;14184,00;0.667;Up
2004,00;0.667;-0.061;0.324;1518,00;-0.02;14167,00;-0.998;Down
2004,00;-0.998;0.667;-0.061;0.324;1518,00;14475,00;-0.753;Down
2004,00;-0.753;-0.998;0.667;-0.061;0.324;12916,00;0.201;Up
2004,00;0.201;-0.753;-0.998;0.667;-0.061;0.9438;-0.227;Down
2004,00;-0.227;0.201;-0.753;-0.998;0.667;13201,00;-0.73;Down
2004,00;-0.73;-0.227;0.201;-0.753;-0.998;15462,00;-0.93;Down
2004,00;-0.93;-0.73;-0.227;0.201;-0.753;14895,00;0.445;Up
2004,00;0.445;-0.93;-0.73;-0.227;0.201;16451,00;0.525;Up
2004,00;0.525;0.445;-0.93;-0.73;-0.227;13733,00;-0.969;Down
2004,00;-0.969;0.525;0.445;-0.93;-0.73;17375,00;0.039;Up
2004,00;0.039;-0.969;0.525;0.445;-0.93;16857,00;0.256;Up
2004,00;0.256;0.039;-0.969;0.525;0.445;1673,00;-0.972;Down
2004,00;-0.972;0.256;0.039;-0.969;0.525;14696,00;-0.086;Down
2004,00;-0.086;-0.972;0.256;0.039;-0.969;13805,00;1488,00;Up
2004,00;1488,00;-0.086;-0.972;0.256;0.039;16854,00;1288,00;Up
2004,00;1288,00;1488,00;-0.086;-0.972;0.256;17419,00;0.181;Up
2004,00;0.181;1288,00;1488,00;-0.086;-0.972;16282,00;0.245;Up
2004,00;0.245;0.181;1288,00;1488,00;-0.086;15008,00;0.027;Up
2004,00;0.027;0.245;0.181;1288,00;1488,00;13959,00;0.004;Up
2004,00;0.004;0.027;0.245;0.181;1288,00;1659,00;1118,00;Up
2004,00;1118,00;0.004;0.027;0.245;0.181;17675,00;1616,00;Up
2004,00;1616,00;1118,00;0.004;0.027;0.245;17827,00;0.387;Up
2004,00;0.387;1616,00;1118,00;0.004;0.027;17244,00;-0.11;Down
2004,00;-0.11;0.387;1616,00;1118,00;0.004;13587,00;-0.07;Down
2004,00;-0.07;-0.11;0.387;1616,00;1118,00;14508,00;-0.101;Down
2004,00;-0.101;-0.07;-0.11;0.387;1616,00;15043,00;0.909;Up
2004,00;0.909;-0.101;-0.07;-0.11;0.387;1393,00;0.911;Up
2004,00;0.911;0.909;-0.101;-0.07;-0.11;15316,00;-0.03;Down
2004,00;-0.03;0.911;0.909;-0.101;-0.07;14533,00;-0.708;Down
2004,00;-0.708;-0.03;0.911;0.909;-0.101;13644,00;0.554;Up
2004,00;0.554;-0.708;-0.03;0.911;0.909;16842,00;0.136;Up
2004,00;0.136;0.554;-0.708;-0.03;0.911;14567,00;-1116,00;Down
2004,00;-1116,00;0.136;0.554;-0.708;-0.03;15266,00;0.59;Up
2004,00;0.59;-1116,00;0.136;0.554;-0.708;13927,00;-0.025;Down
2004,00;-0.025;0.59;-1116,00;0.136;0.554;14283,00;0.41;Up
2004,00;0.41;-0.025;0.59;-1116,00;0.136;11496,00;0.075;Up
2004,00;0.075;0.41;-0.025;0.59;-1116,00;0.50458;-0.345;Down
2004,00;-0.345;0.075;0.41;-0.025;0.59;13785,00;-0.403;Down
2004,00;-0.403;-0.345;0.075;0.41;-0.025;15535,00;1495,00;Up
2004,00;1495,00;-0.403;-0.345;0.075;0.41;17728,00;-0.087;Down
2004,00;-0.087;1495,00;-0.403;-0.345;0.075;17749,00;0.071;Up
2004,00;0.071;-0.087;1495,00;-0.403;-0.345;15667,00;-0.077;Down
2004,00;-0.077;0.071;-0.087;1495,00;-0.403;13544,00;-1107,00;Down
2004,00;-1107,00;-0.077;0.071;-0.087;1495,00;15339,00;0.488;Up
2004,00;0.488;-1107,00;-0.077;0.071;-0.087;15252,00;0.544;Up
2004,00;0.544;0.488;-1107,00;-0.077;0.071;16247,00;-0.104;Down
2004,00;-0.104;0.544;0.488;-1107,00;-0.077;14437,00;0.899;Up
2004,00;0.899;-0.104;0.544;0.488;-1107,00;14361,00;0.392;Up
2004,00;0.392;0.899;-0.104;0.544;0.488;15444,00;0.194;Up
2004,00;0.194;0.392;0.899;-0.104;0.544;16958,00;-0.208;Down
2004,00;-0.208;0.194;0.392;0.899;-0.104;17939,00;-0.749;Down
2004,00;-0.749;-0.208;0.194;0.392;0.899;2335,00;0.038;Up
2004,00;0.038;-0.749;-0.208;0.194;0.392;14228,00;0.904;Up
2004,00;0.904;0.038;-0.749;-0.208;0.194;14837,00;0.342;Up
2004,00;0.342;0.904;0.038;-0.749;-0.208;13908,00;0.046;Up
2004,00;0.046;0.342;0.904;0.038;-0.749;0.9561;-0.431;Down
2004,00;-0.431;0.046;0.342;0.904;0.038;0.922;0.715;Up
2004,00;0.715;-0.431;0.046;0.342;0.904;0.983;-0.007;Down
2004,00;-0.007;0.715;-0.431;0.046;0.342;0.9259;0.008;Up
2004,00;0.008;-0.007;0.715;-0.431;0.046;0.8298;-0.134;Down
2005,00;-0.134;0.008;-0.007;0.715;-0.431;0.7869;-0.812;Down
2005,00;-0.812;-0.134;0.008;-0.007;0.715;15108,00;-1167,00;Down
2005,00;-1167,00;-0.812;-0.134;0.008;-0.007;1721,00;-0.363;Down
2005,00;-0.363;-1167,00;-0.812;-0.134;0.008;17389,00;0.351;Up
2005,00;0.351;-0.363;-1167,00;-0.812;-0.134;15691,00;-0.143;Down
2005,00;-0.143;0.351;-0.363;-1167,00;-0.812;14779,00;0.342;Up
2005,00;0.342;-0.143;0.351;-0.363;-1167,00;14904,00;-0.61;Down
2005,00;-0.61;0.342;-0.143;0.351;-0.363;14888,00;0.398;Up
2005,00;0.398;-0.61;0.342;-0.143;0.351;15621,00;-0.863;Down
2005,00;-0.863;0.398;-0.61;0.342;-0.143;15103,00;0.6;Up
2005,00;0.6;-0.863;0.398;-0.61;0.342;13354,00;0.967;Up
2005,00;0.967;0.6;-0.863;0.398;-0.61;15968,00;-0.949;Down
2005,00;-0.949;0.967;0.6;-0.863;0.398;14987,00;-0.778;Down
2005,00;-0.778;-0.949;0.967;0.6;-0.863;1692,00;-0.641;Down
2005,00;-0.641;-0.778;-0.949;0.967;0.6;16435,00;-0.353;Down
2005,00;-0.353;-0.641;-0.778;-0.949;0.967;14946,00;0.4;Up
2005,00;0.4;-0.353;-0.641;-0.778;-0.949;16104,00;0.484;Up
2005,00;0.484;0.4;-0.353;-0.641;-0.778;16359,00;0.041;Up
2005,00;0.041;0.484;0.4;-0.353;-0.641;16006,00;-0.272;Down
2005,00;-0.272;0.041;0.484;0.4;-0.353;16418,00;0.846;Up
2005,00;0.846;-0.272;0.041;0.484;0.4;16798,00;0.689;Up
2005,00;0.689;0.846;-0.272;0.041;0.484;168198,00;0.318;Up
2005,00;0.318;0.689;0.846;-0.272;0.041;156174,00;-0.277;Down
2005,00;-0.277;0.318;0.689;0.846;-0.272;155446,00;1104,00;Up
2005,00;1104,00;-0.277;0.318;0.689;0.846;164816,00;-0.109;Down
2005,00;-0.109;1104,00;-0.277;0.318;0.689;134727,00;0.048;Up
2005,00;0.048;-0.109;1104,00;-0.277;0.318;141617,00;-0.858;Down
2005,00;-0.858;0.048;-0.109;1104,00;-0.277;151104,00;0.421;Up
2005,00;0.421;-0.858;0.048;-0.109;1104,00;149167,00;0.693;Up
2005,00;0.693;0.421;-0.858;0.048;-0.109;15623,00;0.07;Up
2005,00;0.07;0.693;0.421;-0.858;0.048;129018,00;0.33;Up
2005,00;0.33;0.07;0.693;0.421;-0.858;152708,00;0.018;Up
2005,00;0.018;0.33;0.07;0.693;0.421;14901,00;-0.792;Down
2005,00;-0.792;0.018;0.33;0.07;0.693;158012,00;0.07;Up
2005,00;0.07;-0.792;0.018;0.33;0.07;15512,00;-1451,00;Down
2005,00;-1451,00;0.07;-0.792;0.018;0.33;174494,00;0.561;Up
2005,00;0.561;-1451,00;0.07;-0.792;0.018;150109,00;0.789;Up
2005,00;0.789;0.561;-1451,00;0.07;-0.792;151875,00;0.931;Up
2005,00;0.931;0.789;0.561;-1451,00;0.07;152368,00;-0.641;Down
2005,00;-0.641;0.931;0.789;0.561;-1451,00;179548,00;0.566;Up
2005,00;0.566;-0.641;0.931;0.789;0.561;170806,00;-0.027;Down
2005,00;-0.027;0.566;-0.641;0.931;0.789;156854,00;0.032;Up
2005,00;0.032;-0.027;0.566;-0.641;0.931;161624,00;0.962;Up
2005,00;0.962;0.032;-0.027;0.566;-0.641;163682,00;0.261;Up
2005,00;0.261;0.962;0.032;-0.027;0.566;148883,00;-0.48;Down
2005,00;-0.48;0.261;0.962;0.032;-0.027;152309,00;-1019,00;Down
2005,00;-1019,00;-0.48;0.261;0.962;0.032;170497,00;0.186;Up
2005,00;0.186;-1019,00;-0.48;0.261;0.962;160402,00;-0.758;Down
2005,00;-0.758;0.186;-1019,00;-0.48;0.261;144982,00;0.562;Up
2005,00;0.562;-0.758;0.186;-1019,00;-0.48;143743,00;-0.752;Down
2005,00;-0.752;0.562;-0.758;0.186;-1019,00;151353,00;-0.808;Down
2005,00;-0.808;-0.752;0.562;-0.758;0.186;165319,00;0.18;Up
2005,00;0.18;-0.808;-0.752;0.562;-0.758;158193,00;-0.047;Down
2005,00;-0.047;0.18;-0.808;-0.752;0.562;234437,00;-0.493;Down
2005,00;-0.493;-0.047;0.18;-0.808;-0.752;181944,00;-1.02;Down
2005,00;-1.02;-0.493;-0.047;0.18;-0.808;211447,00;0.07;Up
2005,00;0.07;-1.02;-0.493;-0.047;0.18;224687,00;-0.095;Down
2005,00;-0.095;0.07;-1.02;-0.493;-0.047;172172,00;0.244;Up
2005,00;0.244;-0.095;0.07;-1.02;-0.493;174622,00;-0.76;Down
2005,00;-0.76;0.244;-0.095;0.07;-1.02;222325,00;1377,00;Up
2005,00;1377,00;-0.76;0.244;-0.095;0.07;209711,00;-0.069;Down
2005,00;-0.069;1377,00;-0.76;0.244;-0.095;221423,00;-0.65;Down
2005,00;-0.65;-0.069;1377,00;-0.76;0.244;216869,00;0.273;Up
2005,00;0.273;-0.65;-0.069;1377,00;-0.76;207977,00;0.448;Up
2005,00;0.448;0.273;-0.65;-0.069;1377,00;18708,00;0.227;Up
2005,00;0.227;0.448;0.273;-0.65;-0.069;17974,00;0.597;Up
2005,00;0.597;0.227;0.448;0.273;-0.65;190062,00;-0.834;Down
2005,00;-0.834;0.597;0.227;0.448;0.273;166133,00;0.001;Up
2005,00;0.001;-0.834;0.597;0.227;0.448;152531,00;0.555;Up
2005,00;0.555;0.001;-0.834;0.597;0.227;197983,00;-1176,00;Down
2005,00;-1176,00;0.555;0.001;-0.834;0.597;204974,00;-1,00;Down
2005,00;-1,00;-1176,00;0.555;0.001;-0.834;235504,00;-1672,00;Down
2005,00;-1672,00;-1,00;-1176,00;0.555;0.001;268996,00;0.294;Up
2005,00;0.294;-1672,00;-1,00;-1176,00;0.555;218067,00;0.593;Up
2005,00;0.593;0.294;-1672,00;-1,00;-1176,00;21427,00;-1325,00;Down
2005,00;-1325,00;0.593;0.294;-1672,00;-1,00;221705,00;1974,00;Up
2005,00;1974,00;-1325,00;0.593;0.294;-1672,00;230856,00;-0.675;Down
2005,00;-0.675;1974,00;-1325,00;0.593;0.294;204588,00;0.866;Up
2005,00;0.866;-0.675;1974,00;-1325,00;0.593;179503,00;-0.884;Down
2005,00;-0.884;0.866;-0.675;1974,00;-1325,00;195974,00;0.395;Up
2005,00;0.395;-0.884;0.866;-0.675;1974,00;215152,00;-1138,00;Down
2005,00;-1138,00;0.395;-0.884;0.866;-0.675;218227,00;1192,00;Up
2005,00;1192,00;-1138,00;0.395;-0.884;0.866;236236,00;0.459;Up
2005,00;0.459;1192,00;-1138,00;0.395;-0.884;198004,00;-0.085;Down
2005,00;-0.085;0.459;1192,00;-1138,00;0.395;216702,00;1247,00;Up
2005,00;1247,00;-0.085;0.459;1192,00;-1138,00;230648,00;-0.257;Down
2005,00;-0.257;1247,00;-0.085;0.459;1192,00;19971,00;-0.109;Down
2005,00;-0.109;-0.257;1247,00;-0.085;0.459;17072,00;0.639;Up
2005,00;0.639;-0.109;-0.257;1247,00;-0.085;185702,00;-1071,00;Down
2005,00;-1071,00;0.639;-0.109;-0.257;1247,00;188966,00;0.419;Up
2005,00;0.419;-1071,00;0.639;-0.109;-0.257;183497,00;-1003,00;Down
2005,00;-1003,00;0.419;-1071,00;0.639;-0.109;199529,00;-0.458;Down
2005,00;-0.458;-1003,00;0.419;-1071,00;0.639;218859,00;1009,00;Up
2005,00;1009,00;-0.458;-1003,00;0.419;-1071,00;185686,00;0.696;Up
2005,00;0.696;1009,00;-0.458;-1003,00;0.419;188726,00;1002,00;Up
2005,00;1002,00;0.696;1009,00;-0.458;-1003,00;226632,00;0.466;Up
2005,00;0.466;1002,00;0.696;1009,00;-0.458;177586,00;-0.151;Down
2005,00;-0.151;0.466;1002,00;0.696;1009,00;163175,00;0.385;Up
2005,00;0.385;-0.151;0.466;1002,00;0.696;168117,00;0.018;Up
2005,00;0.018;0.385;-0.151;0.466;1002,00;1681,00;-0.34;Down
2005,00;-0.34;0.018;0.385;-0.151;0.466;174218,00;0.639;Up
2005,00;0.639;-0.34;0.018;0.385;-0.151;165411,00;0.097;Up
2005,00;0.097;0.639;-0.34;0.018;0.385;138143,00;-0.607;Down
2005,00;-0.607;0.097;0.639;-0.34;0.018;184068,00;0.9;Up
2005,00;0.9;-0.607;0.097;0.639;-0.34;18101,00;0.172;Up
2005,00;0.172;0.9;-0.607;0.097;0.639;181379,00;-0.687;Down
2005,00;-0.687;0.172;0.9;-0.607;0.097;162752,00;0.125;Up
2005,00;0.125;-0.687;0.172;0.9;-0.607;154712,00;-0.021;Down
2005,00;-0.021;0.125;-0.687;0.172;0.9;185137,00;-0.216;Down
2005,00;-0.216;-0.021;0.125;-0.687;0.172;171549,00;0.524;Up
2005,00;0.524;-0.216;-0.021;0.125;-0.687;182412,00;-0.235;Down
2005,00;-0.235;0.524;-0.216;-0.021;0.125;166418,00;0.226;Up
2005,00;0.226;-0.235;0.524;-0.216;-0.021;166135,00;0.257;Up
2005,00;0.257;0.226;-0.235;0.524;-0.216;169815,00;0.222;Up
2005,00;0.222;0.257;0.226;-0.235;0.524;184044,00;0.363;Up
2005,00;0.363;0.222;0.257;0.226;-0.235;177604,00;0.495;Up
2005,00;0.495;0.363;0.222;0.257;0.226;240737,00;-0.071;Down
2005,00;-0.071;0.495;0.363;0.222;0.257;171453,00;-0.205;Down
2005,00;-0.205;-0.071;0.495;0.363;0.222;17207,00;0.022;Up
2005,00;0.022;-0.205;-0.071;0.495;0.363;182325,00;-1083,00;Down
2005,00;-1083,00;0.022;-0.205;-0.071;0.495;202992,00;-0.763;Down
2005,00;-0.763;-1083,00;0.022;-0.205;-0.071;24188,00;-0.074;Down
2005,00;-0.074;-0.763;-1083,00;0.022;-0.205;173862,00;0.914;Up
2005,00;0.914;-0.074;-0.763;-1083,00;0.022;177241,00;-0.143;Down
2005,00;-0.143;0.914;-0.074;-0.763;-1083,00;176928,00;-0.71;Down
2005,00;-0.71;-0.143;0.914;-0.074;-0.763;210949,00;0.261;Up
2005,00;0.261;-0.71;-0.143;0.914;-0.074;159382,00;0.883;Up
2005,00;0.883;0.261;-0.71;-0.143;0.914;180582,00;-0.834;Down
2005,00;-0.834;0.883;0.261;-0.71;-0.143;188347,00;0.245;Up
2005,00;0.245;-0.834;0.883;0.261;-0.71;195244,00;1168,00;Up
2005,00;1168,00;0.245;-0.834;0.883;0.261;190081,00;0.625;Up
2005,00;0.625;1168,00;0.245;-0.834;0.883;18463,00;0.227;Up
2005,00;0.227;0.625;1168,00;0.245;-0.834;193201,00;0.088;Up
2005,00;0.088;0.227;0.625;1168,00;0.245;18125,00;0.262;Up
2005,00;0.262;0.088;0.227;0.625;1168,00;204871,00;0.116;Up
2005,00;0.116;0.262;0.088;0.227;0.625;17164,00;-0.553;Down
2005,00;-0.553;0.116;0.262;0.088;0.227;15821,00;0.673;Up
2005,00;0.673;-0.553;0.116;0.262;0.088;204128,00;0.476;Up
2005,00;0.476;0.673;-0.553;0.116;0.262;206334,00;-0.661;Down
2005,00;-0.661;0.476;0.673;-0.553;0.116;212984,00;0.541;Up
2005,00;0.541;-0.661;0.476;0.673;-0.553;176699,00;-0.377;Down
2005,00;-0.377;0.541;-0.661;0.476;0.673;171758,00;0.173;Up
2005,00;0.173;-0.377;0.541;-0.661;0.476;193418,00;0.457;Up
2005,00;0.457;0.173;-0.377;0.541;-0.661;19458,00;0.56;Up
2005,00;0.56;0.457;0.173;-0.377;0.541;200168,00;-0.767;Down
2005,00;-0.767;0.56;0.457;0.173;-0.377;17896,00;0.095;Up
2005,00;0.095;-0.767;0.56;0.457;0.173;171687,00;0.71;Up
2005,00;0.71;0.095;-0.767;0.56;0.457;204312,00;0.074;Up
2005,00;0.074;0.71;0.095;-0.767;0.56;199998,00;-0.737;Down
2005,00;-0.737;0.074;0.71;0.095;-0.767;198122,00;-0.764;Down
2005,00;-0.764;-0.737;0.074;0.71;0.095;193028,00;-0.268;Down
2005,00;-0.268;-0.764;-0.737;0.074;0.71;180414,00;0.674;Up
2005,00;0.674;-0.268;-0.764;-0.737;0.074;189752,00;-0.183;Down
2005,00;-0.183;0.674;-0.268;-0.764;-0.737;217232,00;0.706;Up
2005,00;0.706;-0.183;0.674;-0.268;-0.764;194156,00;-0.599;Down
2005,00;-0.599;0.706;-0.183;0.674;-0.268;17093,00;0.283;Up
2005,00;0.283;-0.599;0.706;-0.183;0.674;156288,00;-1178,00;Down
2005,00;-1178,00;0.283;-0.599;0.706;-0.183;182041,00;0.074;Up
2005,00;0.074;-1178,00;0.283;-0.599;0.706;185915,00;-0.1;Down
2005,00;-0.1;0.074;-1178,00;0.283;-0.599;180817,00;0.057;Up
2005,00;0.057;-0.1;0.074;-1178,00;0.283;155879,00;0.166;Up
2005,00;0.166;0.057;-0.1;0.074;-1178,00;162133,00;-0.339;Down
2005,00;-0.339;0.166;0.057;-0.1;0.074;167862,00;-0.657;Down
2005,00;-0.657;-0.339;0.166;0.057;-0.1;19308,00;0.23;Up
2005,00;0.23;-0.657;-0.339;0.166;0.057;157111,00;-0.6;Down
2005,00;-0.6;0.23;-0.657;-0.339;0.166;154109,00;0.596;Up
2005,00;0.596;-0.6;0.23;-0.657;-0.339;159945,00;-0.319;Down
2005,00;-0.319;0.596;-0.6;0.23;-0.657;191647,00;0.986;Up
2005,00;0.986;-0.319;0.596;-0.6;0.23;236551,00;0.103;Up
2005,00;0.103;0.986;-0.319;0.596;-0.6;222986,00;-0.292;Down
2005,00;-0.292;0.103;0.986;-0.319;0.596;164016,00;1262,00;Up
2005,00;1262,00;-0.292;0.103;0.986;-0.319;193209,00;0.241;Up
2005,00;0.241;1262,00;-0.292;0.103;0.986;20677,00;-0.379;Down
2005,00;-0.379;0.241;1262,00;-0.292;0.103;195538,00;0.796;Up
2005,00;0.796;-0.379;0.241;1262,00;-0.292;199256,00;-0.074;Down
2005,00;-0.074;0.796;-0.379;0.241;1262,00;193805,00;-0.754;Down
2005,00;-0.754;-0.074;0.796;-0.379;0.241;208236,00;-0.328;Down
2005,00;-0.328;-0.754;-0.074;0.796;-0.379;198675,00;0.046;Up
2005,00;0.046;-0.328;-0.754;-0.074;0.796;207934,00;0.829;Up
2005,00;0.829;0.046;-0.328;-0.754;-0.074;315247,00;-0.557;Down
2005,00;-0.557;0.829;0.046;-0.328;-0.754;207654,00;-0.786;Down
2005,00;-0.786;-0.557;0.829;0.046;-0.328;231925,00;-0.912;Down
2005,00;-0.912;-0.786;-0.557;0.829;0.046;254815,00;0.365;Up
2005,00;0.365;-0.912;-0.786;-0.557;0.829;242472,00;0.055;Up
2005,00;0.055;0.365;-0.912;-0.786;-0.557;197302,00;0.028;Up
2005,00;0.028;0.055;0.365;-0.912;-0.786;202222,00;0.002;Up
2005,00;0.002;0.028;0.055;0.365;-0.912;197627,00;0.101;Up
2005,00;0.101;0.002;0.028;0.055;0.365;210698,00;0.887;Up
2005,00;0.887;0.101;0.002;0.028;0.055;217612,00;0.092;Up
2005,00;0.092;0.887;0.101;0.002;0.028;209752,00;-0.172;Down
2005,00;-0.172;0.092;0.887;0.101;0.002;209749,00;-0.997;Down
2005,00;-0.997;-0.172;0.092;0.887;0.101;234142,00;-1489,00;Down
2005,00;-1489,00;-0.997;-0.172;0.092;0.887;254678,00;-0.41;Down
2005,00;-0.41;-1489,00;-0.997;-0.172;0.092;279203,00;0.37;Up
2005,00;0.37;-0.41;-1489,00;-0.997;-0.172;212608,00;-0.717;Down
2005,00;-0.717;0.37;-0.41;-1489,00;-0.997;219599,00;-0.207;Down
2005,00;-0.207;-0.717;0.37;-0.41;-1489,00;229904,00;-0.607;Down
2005,00;-0.607;-0.207;-0.717;0.37;-0.41;249128,00;-0.071;Down
2005,00;-0.071;-0.607;-0.207;-0.717;0.37;235115,00;0.827;Up
2005,00;0.827;-0.071;-0.607;-0.207;-0.717;218894,00;0.297;Up
2005,00;0.297;0.827;-0.071;-0.607;-0.207;205457,00;-1005,00;Down
2005,00;-1005,00;0.297;0.827;-0.071;-0.607;219701,00;1496,00;Up
2005,00;1496,00;-1005,00;0.297;0.827;-0.071;270359,00;-1502,00;Down
2005,00;-1502,00;1496,00;-1005,00;0.297;0.827;261725,00;0.152;Up
2005,00;0.152;-1502,00;1496,00;-1005,00;0.297;247092,00;1678,00;Up
2005,00;1678,00;0.152;-1502,00;1496,00;-1005,00;219779,00;-0.237;Down
2005,00;-0.237;1678,00;0.152;-1502,00;1496,00;231247,00;-0.431;Down
2005,00;-0.431;-0.237;1678,00;0.152;-1502,00;246775,00;-1048,00;Down
2005,00;-1048,00;-0.431;-0.237;1678,00;0.152;239537,00;1655,00;Up
2005,00;1655,00;-1048,00;-0.431;-0.237;1678,00;23794,00;0.718;Up
2005,00;0.718;1655,00;-1048,00;-0.431;-0.237;256747,00;-0.352;Down
2005,00;-0.352;0.718;1655,00;-1048,00;-0.431;245785,00;0.998;Up
2005,00;0.998;-0.352;0.718;1655,00;-1048,00;264809,00;0.426;Up
2005,00;0.426;0.998;-0.352;0.718;1655,00;271663,00;0.016;Up
2005,00;0.016;0.426;0.998;-0.352;0.718;205051,00;0.219;Up
2005,00;0.219;0.016;0.426;0.998;-0.352;198758,00;-0.345;Down
2005,00;-0.345;0.219;0.016;0.426;0.998;196505,00;0.169;Up
2005,00;0.169;-0.345;0.219;0.016;0.426;221446,00;0.845;Up
2005,00;0.845;0.169;-0.345;0.219;0.016;237846,00;0.305;Up
2005,00;0.305;0.845;0.169;-0.345;0.219;177314,00;-0.078;Down
2005,00;-0.078;0.305;0.845;0.169;-0.345;189978,00;-0.385;Down
2005,00;-0.385;-0.078;0.305;0.845;0.169;235937,00;0.179;Up
2005,00;0.179;-0.385;-0.078;0.305;0.845;212158,00;0.941;Up
2005,00;0.941;0.179;-0.385;-0.078;0.305;229804,00;0.44;Up
2005,00;0.44;0.941;0.179;-0.385;-0.078;245329,00;0.527;Up
2005,00;0.527;0.44;0.941;0.179;-0.385;211735,00;0.508;Up
2005,00;0.508;0.527;0.44;0.941;0.179;229142,00;0.347;Up
2005,00;0.347;0.508;0.527;0.44;0.941;19854,00;0.209;Up
2005,00;0.209;0.347;0.508;0.527;0.44;0.72494;-0.851;Down
2005,00;-0.851;0.209;0.347;0.508;0.527;20169,00;0.002;Up
2005,00;0.002;-0.851;0.209;0.347;0.508;226834,00;-0.636;Down
2005,00;-0.636;0.002;-0.851;0.209;0.347;237469,00;1216,00;Up
2005,00;1216,00;-0.636;0.002;-0.851;0.209;261483,00;0.032;Up
2005,00;0.032;1216,00;-0.636;0.002;-0.851;212558,00;-0.236;Down
2005,00;-0.236;0.032;1216,00;-0.636;0.002;232584,00;0.128;Up
2005,00;0.128;-0.236;0.032;1216,00;-0.636;211074,00;-0.501;Down
2005,00;-0.501;0.128;-0.236;0.032;1216,00;209383,00;-0.122;Down
2005,00;-0.122;-0.501;0.128;-0.236;0.032;21783,00;0.281;Up
2005,00;0.281;-0.122;-0.501;0.128;-0.236;189629,00;0.084;Up
2005,00;0.084;0.281;-0.122;-0.501;0.128;187655,00;0.555;Up
2005,00;0.555;0.084;0.281;-0.122;-0.501;239002,00;0.419;Up
2005,00;0.419;0.555;0.084;0.281;-0.122;214552,00;-0.141;Down
2005,00;-0.141;0.419;0.555;0.084;0.281;218059,00;-0.285;Down
2005,00;-0.285;-0.141;0.419;0.555;0.084;258419,00;-0.584;Down
2005,00;-0.584;-0.285;-0.141;0.419;0.555;220881,00;-0.024;Down
2005,00;-0.024;-0.584;-0.285;-0.141;0.419;199669,00;0.252;Up
2005,00;0.252;-0.024;-0.584;-0.285;-0.141;206517,00;0.422;Up
2005,00;0.422;0.252;-0.024;-0.584;-0.285;18885,00;0.043;Up
2005,00;0.043;0.422;0.252;-0.024;-0.584;128581,00;-0.955;Down
2005,00;-0.955;0.043;0.422;0.252;-0.024;154047,00;0.13;Up
2005,00;0.13;-0.955;0.043;0.422;0.252;142236,00;-0.298;Down
2005,00;-0.298;0.13;-0.955;0.043;0.422;138254,00;-0.489;Down
